Price,Close,High,Low,Open,Volume
Ticker,NVDA,NVDA,NVDA,NVDA,NVDA
Date,,,,,
2021-09-20,21.020414352416992,21.33901075751113,20.57139190308022,21.053268680937446,349440000
2021-09-21,21.15283203125,21.33104602969822,20.858130525552628,21.323081688701794,204688000
2021-09-22,21.84478187561035,21.86369765838028,21.103048096770816,21.272302669855954,268726000
2021-09-23,22.383407592773438,22.436174664784662,21.794002797589656,22.04290644543416,248555000
2021-09-24,21.984169006347656,22.0518716003552,21.765134441649685,21.973217562960425,217655000
2021-09-27,21.56501007080078,21.70340042651335,21.23148012245108,21.614790036559732,245215000
2021-09-28,20.60822868347168,21.32507250371504,20.560438842257536,21.120971560225616,343069000
2021-09-29,20.427026748657227,20.924834092595493,20.37724487487281,20.84817209585024,218394000
2021-09-30,20.62515640258789,20.97362197253502,20.59727930891089,20.67692841927155,221009000
2021-10-01,20.651039123535156,20.7675247129361,20.114401382383377,20.659003463241838,240978000
2021-10-04,19.645471572875977,20.451919028744175,19.46924770779128,20.414085560020563,345635000
2021-10-05,20.361316680908203,20.557453280437706,19.766934576510337,19.86251425727249,279282000
2021-10-06,20.609224319458008,20.629135169524517,19.991942391773726,20.031767889875287,297202000
2021-10-07,20.98258399963379,21.22850061256001,20.880035030674634,20.999507750816413,256919000
2021-10-08,20.739652633666992,21.11300820810894,20.683898444287028,21.00846910302151,151258000
2021-10-11,20.604248046875,20.970634324809474,20.421054907907763,20.484775333931104,163388000
2021-10-12,20.580350875854492,20.964657828842242,20.437978323976292,20.73666197268602,162134000
2021-10-13,20.847177505493164,20.897954452846133,20.62216872749453,20.826269685815685,180652000
2021-10-14,21.650646209716797,21.659605621399603,21.02938184165815,21.194654312531004,243589000
2021-10-15,21.766128540039062,21.834826198844418,21.56700673526924,21.71435652898172,226994000
2021-10-18,22.124549865722656,22.19324752272249,21.5490835543678,21.653624540532604,189494000
2021-10-19,22.19225311279297,22.280861623084096,21.940362329321403,22.178312668438,161473000
2021-10-20,22.006072998046875,22.334625782730672,21.885603327165416,22.207186839128415,146276000
2021-10-21,22.59248924255371,22.611406925381793,21.986160606952357,22.00009915262171,187590000
2021-10-22,22.626340866088867,23.02856856064082,22.46206541817937,22.72291561933294,249384000
2021-10-25,23.064411163330078,23.252581526641404,22.67014782202449,22.87225673076628,230235000
2021-10-26,24.608610153198242,25.14823509331115,23.819088343329533,23.883803837264775,485898000
2021-10-27,24.343774795532227,24.97997251638669,24.175515291453934,24.36667464722999,245990000
2021-10-28,24.831626892089844,24.840588199418896,24.41546066539416,24.768903437739628,234204000
2021-10-29,25.454879760742188,25.596257241681755,24.890366803732874,24.89136187149755,292503000
2021-11-01,25.713741302490234,25.78044692731383,25.11637208457716,25.536522381847643,265740000
2021-11-02,26.28522300720215,26.561008706984403,25.686858734167405,25.708763518692347,294112000
2021-11-03,26.48135757446289,26.666542716501237,26.119950495850016,26.553042329347175,239910000
2021-11-04,29.67031478881836,31.227455386633288,26.999079939655886,27.109593234066324,1153631000
2021-11-05,29.621532440185547,31.262304451458323,29.28103122028558,30.05462434801115,851260000
2021-11-08,30.66891098022461,30.963612411572573,29.775843481598162,30.016782776306982,503101000
2021-11-09,30.52255630493164,32.16830901202429,29.832596497880946,32.140431924829684,646746000
2021-11-10,29.329811096191406,30.714711794494157,28.65179777448314,29.227264049962503,636206000
2021-11-11,30.25672721862793,30.45585089909229,29.646416499206612,30.33438617562301,332172000
2021-11-12,30.25672721862793,30.54545636540284,29.500059891441172,29.87839450452663,413054000
2021-11-15,29.89333152770996,30.509616521619076,29.118743398652445,30.418020909460683,384909000
2021-11-16,30.070552825927734,30.25673306637881,29.57573253019145,29.62850151207324,264484000
2021-11-17,29.13267707824707,30.375205132582746,28.673698329349342,30.28460270438273,428508000
2021-11-18,31.536094665527344,32.61633569675382,31.183646972782004,32.22506137050019,781711000
2021-11-19,32.840354919433594,32.94290388231008,31.76509100701343,32.101608157533384,533867000
2021-11-22,31.81586456298828,34.49506385982345,31.76011037964673,33.37001812058742,754335000
2021-11-23,31.60678482055664,32.21809257052514,30.744581358909567,31.39670967652622,532163000
2021-11-24,32.53071212768555,32.71091813220103,30.792368699348174,31.323032237725272,435162000
2021-11-26,31.364852905273438,32.56655878387352,31.212523964338434,32.45704054958605,283069000
2021-11-29,33.22963333129883,33.26547475913897,31.895509575688923,32.22406422648845,454964000
2021-11-30,32.5327033996582,33.20673647061269,31.724265919380148,33.023541458568594,622066000
2021-12-01,31.300979614257812,33.1470772684117,31.24621379716434,33.07737601000796,484368000
2021-12-02,31.989030838012695,32.33953127754449,30.892725098561222,31.080920379263713,472890000
2021-12-03,30.56214141845703,31.992019863861056,30.001540138937465,31.863568243842334,544325000
2021-12-06,29.908945083618164,30.112073950169314,27.91846679531978,29.752612926604016,658938000
2021-12-07,32.28875732421875,32.310666695449044,30.520329586656192,30.825026722109563,593053000
2021-12-08,31.690311431884766,32.152333886772645,31.287037448230688,31.862574188094904,475551000
2021-12-09,30.36000633239746,32.06769651903593,30.29827039453706,31.59870204936308,488507000
2021-12-10,30.06925392150879,31.171534691574287,29.733690792322534,31.017194834238797,488825000
2021-12-13,28.040935516357422,30.164842841094565,27.99612729686803,30.12003462160517,598344000
2021-12-14,28.2161922454834,28.555738083003572,27.133826502016017,27.58091171127331,667035000
2021-12-15,30.32914161682129,30.369967183258264,27.71931562363803,28.27891988260038,698297000
2021-12-16,28.265975952148438,31.027154448930762,27.97323064778504,31.01918913294205,707366000
2021-12-17,27.68247413635254,28.79869516682683,27.64164857062036,27.865689688111814,713758000
2021-12-20,27.600820541381836,28.024007803925517,27.029268369795737,27.188586061521594,461847000
2021-12-21,28.9510440826416,28.995852308207283,27.284179231128302,28.25303247287371,524385000
2021-12-22,29.274654388427734,29.428994238441074,28.327708710251994,28.767825605381404,395184000
2021-12-23,29.513633728027344,29.93084800774143,29.30552513261703,29.628143214986842,343022000
2021-12-27,30.813072204589844,30.954467015008788,29.513635493426495,29.53355068344991,403686000
2021-12-28,30.19272232055664,31.196424124096993,29.884042641533675,31.178501216751027,420591000
2021-12-29,29.87309455871582,30.41776338511472,29.240801560831677,30.14393618740853,343139000
2021-12-30,29.45986557006836,30.32715249863817,29.41406215423733,29.69983733274605,308864000
2021-12-31,29.28561019897461,29.901972573947273,29.205951342168785,29.547489426670328,266530000
2022-01-03,29.992582321166992,30.58006706522169,29.658014384020838,29.687887165643172,391547000
2022-01-04,29.16512680053711,30.33810404913154,28.22813864702251,30.147918368019972,527154000
2022-01-05,27.48631477355957,29.290589869699456,27.415618321755158,28.825579893631648,498064000
2022-01-06,28.057863235473633,28.316754959283724,26.949609518873476,27.522156879900578,454186000
2022-01-07,27.130830764770508,28.30082223175301,26.94164030769967,28.0210201528697,409939000
2022-01-10,27.28318214416504,27.351888211869046,25.534668178229204,26.467673635110437,594681000
2022-01-11,27.698408126831055,27.945351930449434,26.724578863489402,27.206514697544513,404089000
2022-01-12,27.8796329498291,28.473090803821655,27.490299148101247,27.94734193759673,383413000
2022-01-13,26.461702346801758,28.358579457679358,26.385029059468522,28.2580102227296,540171000
2022-01-14,26.827136993408203,27.081050909641085,26.09825739628388,26.187873849164077,395832000
2022-01-18,25.792566299438477,26.524433344257982,25.660133902473458,26.14804463261415,424270000
2022-01-19,24.960128784179688,26.42983583830402,24.94519334293258,25.96781525631739,488315000
2022-01-20,24.047039031982422,25.46994751510898,23.97534549383341,25.19612032401024,435181000
2022-01-21,23.274351119995117,24.717173064459438,23.163824281021945,23.40678352912288,718958000
2022-01-24,23.272357940673828,23.280323256927787,20.79894871741768,22.234800479522537,913982000
2022-01-25,22.22882652282715,22.84518895116685,21.906208409712576,22.44988020196596,664616000
2022-01-26,22.674911499023438,23.954432781138927,22.20492373788374,23.140916602745857,755959000
2022-01-27,21.850444793701172,23.89270120895478,21.582590638157097,23.46752162349448,573353000
2022-01-28,22.742624282836914,22.760547192328307,21.205206336859245,21.91815335328116,543774000
2022-01-31,24.38160514831543,24.40450780299976,22.95371892485848,23.083163840300895,564680000
2022-02-01,24.532960891723633,25.03779935981821,23.788148758594023,24.996973791149287,518925000
2022-02-02,25.13438606262207,25.706933518845947,24.448322405650178,25.6840327601272,543419000
2022-02-03,23.845901489257812,24.970087889771477,23.678618459668993,24.35372741378853,410178000
2022-02-04,24.215316772460938,24.529969498879858,23.531245506923437,23.869796077051603,354829000
2022-02-07,24.622575759887695,25.074638756833302,24.098817325743227,24.268092626990843,376868000
2022-02-08,25.000957489013672,25.122437111146983,23.877766205134343,24.25515013515638,410359000
2022-02-09,26.591148376464844,26.61106356618626,25.244913078299707,25.512765352949764,524282000
2022-02-10,25.713903427124023,26.81020934447509,25.490859383243375,25.884175827584478,513200000
2022-02-11,23.846895217895508,26.040503963564735,23.671646883125344,25.80551006541594,605472000
2022-02-14,24.16353988647461,24.768947532154037,23.653721722186578,23.831959421608797,440424000
2022-02-15,26.382043838500977,26.431829912184345,24.67833795995591,24.8426335224846,699869000
2022-02-16,26.397977828979492,26.46867618972759,25.443066608099492,26.14705325081861,732676000
2022-02-17,24.402515411376953,25.675066590866578,24.06197445592718,25.52072674309447,810595000
2022-02-18,23.54120635986328,24.879476296810182,23.001517271399226,24.562831248228793,761255000
2022-02-22,23.290279388427734,23.96140567068865,22.901942706800956,22.936793337243518,633422000
2022-02-23,22.29155731201172,24.052021400692805,22.20592541181683,23.700525696809972,566511000
2022-02-24,23.646751403808594,23.698529751346676,20.800936466850946,20.925403538862675,735801000
2022-02-25,24.05400848388672,24.11375214772827,23.281317813989904,23.619868407786754,528866000
2022-02-28,24.281036376953125,24.559843299003468,23.605927486955995,23.889712256178317,477319000
2022-03-01,23.376907348632812,24.27307180434672,23.033378906753704,24.187438016478104,412056000
2022-03-02,24.1208553314209,24.30908274342718,23.319152175083154,23.65875590471861,389642000
2022-03-03,23.616926193237305,24.22642045277818,23.372928277820538,24.162681361203887,365095000
2022-03-04,22.842105865478516,23.583059575930694,22.389963970849855,23.288271806116654,431415000
2022-03-07,21.264589309692383,22.93870935454276,21.242680010670902,22.723592102393823,450821000
2022-03-08,21.42592430114746,22.281406917450838,20.56546109047921,21.221763621611906,557467000
2022-03-09,22.919788360595703,23.124944442804253,22.15592800317561,22.295354282391074,492742000
2022-03-10,22.565248489379883,22.6947154875098,21.792424138907304,22.438767569291258,428066000
2022-03-11,22.009531021118164,23.05025324732895,21.95575122647575,22.927755670439296,367209000
2022-03-14,21.24268341064453,22.170867384126904,21.072383887534045,21.7794765189099,385354000
2022-03-15,22.87895393371582,22.943688372057732,21.234713636338597,21.429910411009644,491996000
2022-03-16,24.395723342895508,24.496309721640184,23.077143868450847,23.403800284654025,671422000
2022-03-17,24.664613723754883,24.74030090825493,23.80813378286248,24.02125840895199,471941000
2022-03-18,26.344707489013672,26.460233740028837,24.52319636276872,24.697479198946194,730719000
2022-03-21,26.62455940246582,27.040849423539733,25.860699040597943,26.398489377058596,591727000
2022-03-22,26.41541862487793,27.12649641555455,25.96526931574627,26.61758672052766,547007000
2022-03-23,25.529064178466797,26.50305932852309,25.47030568855705,26.019048781115384,502120000
2022-03-24,28.034757614135742,28.204061734841595,25.80094009952853,26.05888056620905,877379000
2022-03-25,27.578638076782227,28.241912070470075,27.159361974596653,27.77184415178732,579016000
2022-03-28,28.103477478027344,28.134350707606135,27.094623991150144,27.64237355173041,425494000
2022-03-29,28.5386905670166,28.827502401169717,27.865457327415218,28.57753047133925,488984000
2022-03-30,27.576648712158203,28.37934902637745,27.390413942065525,28.188135560089133,463487000
2022-03-31,27.174299240112305,28.132361016808318,27.15836589385924,27.66826906522798,523440000
2022-04-01,26.60264778137207,27.38343868051935,26.1594698017538,27.26293373491524,517235000
2022-04-04,27.247997283935547,27.44518668797612,26.504055527761597,26.61858452561167,397120000
2022-04-05,25.824848175048828,27.20716672096827,25.714302505747888,27.142432274200335,436615000
2022-04-06,24.307083129882812,25.19642705051053,23.904737678545857,24.831926142575206,703833000
2022-04-07,24.108898162841797,24.620793903525843,23.3818870718976,24.340944116539315,557992000
2022-04-08,23.024356842041016,23.825066344638063,22.967590974113833,23.819090390264524,524781000
2022-04-11,21.827280044555664,22.22863019589857,21.57133213415732,22.12306512210957,575207000
2022-04-12,21.415966033935547,22.631968138584455,21.1948747421812,22.44473805178245,662258000
2022-04-13,22.11210823059082,22.407893303585002,21.367171071947986,21.639054224925435,516943000
2022-04-14,21.170970916748047,22.68375325848132,21.076360522778845,22.412865542843637,569097000
2022-04-18,21.693828582763672,21.997578418558497,20.99271005360588,21.113215008567124,525701000
2022-04-19,22.10712432861328,22.281407142339205,21.22674253068013,21.631080558064472,512781000
2022-04-20,21.394060134887695,22.577196581632325,21.11321496007185,22.424823034682213,468974000
2022-04-21,20.100379943847656,22.300336872596574,19.918128505755924,21.620132221860942,656209000
2022-04-22,19.43510627746582,20.402131736554576,19.420168294323013,20.21988036414399,624713000
2022-04-25,19.820526123046875,19.863349361314793,19.017825948530263,19.12339100546342,641566000
2022-04-26,18.711091995239258,19.706998525410906,18.593574994286346,19.637285372225445,653143000
2022-04-27,18.339616775512695,19.088537274074934,18.215128478854176,18.521866304544144,499460000
2022-04-28,19.70101547241211,19.95497260986267,18.41430488131408,18.88935141084662,570327000
2022-04-29,18.471073150634766,20.045600227897243,18.441195280836077,19.3225724947239,500435000
2022-05-02,19.45303726196289,19.493867882415657,18.315712153889976,18.46509770793821,572049000
2022-05-03,19.52175521850586,19.743843804731753,19.054675285256874,19.320582473628384,475751000
2022-05-04,20.25075912475586,20.316488927908352,18.67423920836695,19.84144231861461,648855000
2022-05-05,18.76685905456543,19.84343319196136,18.424267408174938,19.785671961147454,626331000
2022-05-06,18.59855079650879,19.432124326152934,17.916355461387795,18.659301905995807,633297000
2022-05-09,16.880617141723633,18.180273621530336,16.758119539329908,17.96017950019685,644455000
2022-05-10,17.522972106933594,18.12350429350738,16.955305773137006,17.616587170071877,761474000
2022-05-11,16.56192398071289,17.68032805554246,16.50017940475814,17.27598988657447,670167000
2022-05-12,16.10878562927246,16.719277132650767,15.503275671521447,16.15260613492584,708728000
2022-05-13,17.633514404296875,17.854605700388568,16.525071846466627,16.719273249889806,670437000
2022-05-16,17.19332504272461,17.715180072849822,17.035972816221634,17.437322904145635,521446000
2022-05-17,18.102588653564453,18.295794716695035,17.561812268275418,18.00000966759252,585830000
2022-05-18,16.8686580657959,18.04382762467623,16.794961603480765,17.632518279068112,545161000
2022-05-19,17.053897857666016,17.61459275966754,16.665493158414193,16.867663129735934,621310000
2022-05-20,16.625661849975586,17.33873044435796,15.690505601912752,17.26105062577283,739105000
2022-05-23,16.82882308959961,16.845753691955995,16.112766693765444,16.207377095601466,639889000
2022-05-24,16.087867736816406,16.529054964044875,15.715399228807048,16.44241123290059,588550000
2022-05-25,16.905506134033203,17.04094904216001,15.93449732347587,15.954415901019841,781132000
2022-05-26,17.777921676635742,18.017934299435986,15.95640873833212,15.970351364556697,996575000
2022-05-27,18.73399543762207,18.80370857918977,18.02590557198039,18.111553959995266,738379000
2022-05-31,18.595558166503906,19.121396425746433,18.274875925211305,18.902295884702053,664100000
2022-06-01,18.24500274658203,18.97500185230617,18.047813348721185,18.6473501146243,544514000
2022-06-02,19.511796951293945,19.538686849184053,18.12350434729059,18.217119410706687,648656000
2022-06-03,18.64336395263672,19.25285997901017,18.446174564570704,19.00388342136499,598779000
2022-06-06,18.709096908569336,19.257841926957315,18.48800556646816,19.060652505586596,422406000
2022-06-07,18.848526000976562,18.92222248536811,18.113546177196397,18.396384003134806,388914000
2022-06-08,18.57558822631836,19.105521994199414,18.463026152906487,18.726000947489727,363252000
2022-06-09,17.97791290283203,18.859476330241662,17.970940116964524,18.40923195713273,395574000
2022-06-10,16.9080867767334,17.628278767149297,16.803493073192044,17.531655320031188,465248000
2022-06-13,15.5862398147583,16.248657445936082,15.545398661343508,15.937868732069086,604153000
2022-06-14,15.774505615234375,16.003612016416973,15.35215136745031,15.669912860368118,469680000
2022-06-15,16.462825775146484,16.802501270573813,15.864158686622957,16.032502129668625,563936000
2022-06-16,15.54041862487793,15.88009502147224,15.341195447240926,15.79841271116568,545749000
2022-06-17,15.818334579467773,15.932887781168011,15.26847807134145,15.58723513693202,630334000
2022-06-21,16.50166893005371,16.941951940881246,16.343285982511887,16.41102270722772,483089000
2022-06-22,16.296476364135742,16.59730377393721,16.117174982143233,16.162995897557902,437135000
2022-06-23,16.161998748779297,16.520599577790094,15.791442532196244,16.4548558708115,463680000
2022-06-24,17.05949592590332,17.073441500432935,16.24666462485629,16.43592735057394,472153000
2022-06-27,16.80349349975586,17.2627037776178,16.561437091028537,17.24477402510874,427968000
2022-06-28,15.919939994812012,17.135201879170452,15.883083017438073,16.83437454206532,461149000
2022-06-29,15.481645584106445,15.758565905380278,15.111090429737093,15.752589638361185,482352000
2022-06-30,15.10013484954834,15.506550493203868,14.80428823063541,15.30135010720161,686070000
2022-07-01,14.466605186462402,15.004508262689948,14.336114308605408,14.841145535452219,577610000
2022-07-05,14.905893325805664,14.912866113839907,14.000423601176369,14.119957517465304,651397000
2022-07-06,15.071249961853027,15.259516199525306,14.731573518231853,14.951716038721823,529066000
2022-07-07,15.796420097351074,15.883082152996206,15.329241452564782,15.395981666093258,492903000
2022-07-08,15.776498794555664,15.974726402731946,15.329241976596508,15.37008313178978,467972000
2022-07-11,15.093162536621094,15.466706345467303,14.97960489954158,15.465709825855997,437321000
2022-07-12,15.023435592651367,15.371080384780623,14.819231694264086,15.208713215824096,458483000
2022-07-13,15.105116844177246,15.31529795939853,14.408831695585608,14.533346313141694,521918000
2022-07-14,15.312309265136719,15.412916908368315,14.670809905852426,15.049334455117044,456235000
2022-07-15,15.700793266296387,15.720715108541247,15.385023849466009,15.598193546303452,385935000
2022-07-18,16.038476943969727,16.83138547101321,15.939862350377403,16.23869663998441,670517000
2022-07-19,16.926015853881836,17.043557657032984,16.109200448917402,16.42198027766924,702366000
2022-07-20,17.737852096557617,17.86336417339984,16.735759920763662,16.88119289080597,760538000
2022-07-21,17.979902267456055,18.07353708271449,17.476864265266673,17.815544031075124,557049000
2022-07-22,17.251750946044922,17.897233590693222,17.070456538486788,17.823521523852246,536671000
2022-07-25,16.95789337158203,17.057505436276674,16.584349553933702,16.95291172337914,480748000
2022-07-26,16.46880340576172,16.853304250961923,16.414016666430314,16.823420056796863,397865000
2022-07-27,17.72092056274414,17.86635353894504,16.84732523587989,16.965862630194085,569776000
2022-07-28,17.914161682128906,18.069556021471275,17.372275483342808,17.90519775674753,474646000
2022-07-29,18.09246826171875,18.173153093615777,17.623296613411778,17.743827026455214,435460000
2022-08-01,18.369388580322266,18.772816539459214,17.9201397228468,18.111393572390696,476469000
2022-08-02,18.454059600830078,18.864460391381805,18.021744878238078,18.051629067336524,489527000
2022-08-03,18.81963539123535,18.89434491533446,18.066570532098716,18.113388905855146,418146000
2022-08-04,19.140380859375,19.19915175470648,18.687147876727973,18.775802954410633,409652000
2022-08-05,18.915264129638672,19.154331957599457,18.593518416599398,18.736958353398986,386068000
2022-08-08,17.723907470703125,18.16817666184887,17.175048359813875,17.434038984708703,981859000
2022-08-09,17.019649505615234,17.379247676702683,16.659055765062003,17.18500523413819,668263000
2022-08-10,18.02672576904297,18.04764413055042,17.24975398460474,17.629275000459376,597422000
2022-08-11,17.872329711914062,18.634360468808346,17.806586008570317,18.06059689418251,509327000
2022-08-12,18.636348724365234,18.645314550682862,17.883283911712684,18.089480817540075,478094000
2022-08-15,18.95809555053711,19.089582944835495,18.540723865569156,18.628381495120706,457666000
2022-08-16,18.805688858032227,19.067668063926604,18.42915644764587,18.846530011794016,451240000
2022-08-17,18.2637996673584,18.615429517874343,18.074538853147352,18.451071242381392,446799000
2022-08-18,18.700101852416992,18.791743657859055,18.11239277422747,18.229934589865376,415447000
2022-08-19,17.779687881469727,18.448081715081848,17.700994191090388,18.33452409224492,441588000
2022-08-22,16.967853546142578,17.489818903609883,16.900116815044345,17.42208217251165,409593000
2022-08-23,17.114286422729492,17.39718405399935,16.904105288938386,16.923032515648686,369986000
2022-08-24,17.155122756958008,17.338408253803493,16.829392914726995,16.94593725189229,522661000
2022-08-25,17.843433380126953,17.877301733295358,16.767627732034356,16.77858469336736,770691000
2022-08-26,16.196857452392578,17.8543951679038,16.173946054363714,17.787655912695254,769127000
2022-08-29,15.739640235900879,16.27455462835807,15.705772821557588,15.957790614919103,496132000
2022-08-30,15.407936096191406,15.9767179755962,15.123046421676525,15.898025221954772,530181000
2022-08-31,15.035387992858887,15.479656218449705,14.900911986576217,15.324261848963653,573710000
2022-09-01,13.882880210876465,14.32415979672276,13.218470483091595,14.153823343963365,1178865000
2022-09-02,13.594006538391113,14.115970968690647,13.538223289757255,14.045247525726571,743157000
2022-09-06,13.412714004516602,13.725494835509304,13.299156360470214,13.677680890653752,535751000
2022-09-07,13.66480541229248,13.788361151575964,13.298125457424504,13.51434705091727,512657000
2022-09-08,13.939815521240234,13.957751553071784,13.321043803751946,13.410720161896329,624873000
2022-09-09,14.335391998291016,14.422079811274344,14.075328559341035,14.106216544794995,486612000
2022-09-12,14.452967643737793,14.49481679850031,14.147068757337559,14.317455823482035,484159000
2022-09-13,13.083895683288574,13.87205855128794,13.052010885075777,13.752489132610048,714956000
2022-09-14,13.080906867980957,13.242325437341442,12.866677974239867,13.20645432739914,588507000
2022-09-15,12.882621765136719,13.185531175680374,12.74412043844494,12.968313711994472,523625000
2022-09-16,13.150655746459961,13.164605464480621,12.571739597842733,12.6962911946005,670751000
2022-09-19,13.333995819091797,13.414705581325622,12.96333052263512,12.965323203760738,569685000
2022-09-20,13.128734588623047,13.434633475375263,13.010161983326146,13.167595196842449,524818000
2022-09-21,13.213430404663086,13.98066875064519,13.06297204241683,13.165603203916465,807679000
2022-09-22,12.51594352722168,13.101834665990093,12.383421176362736,13.0231175678942,759162000
2022-09-23,12.471105575561523,12.56576508173938,12.213034769485242,12.375450203675948,663309000
2022-09-26,12.184135437011719,12.613590061867972,12.170185718593245,12.446192490592988,547343000
2022-09-27,12.368471145629883,12.690312407168465,12.214027440777055,12.462133804063294,553854000
2022-09-28,12.690315246582031,12.777003065810181,12.309685534452253,12.365484415747904,542414000
2022-09-29,12.176164627075195,12.455159943744142,11.903147353863744,12.403346432766009,532763000
2022-09-30,12.09545612335205,12.587684528904116,12.03168556856468,12.043642606978148,565638000
2022-10-03,12.467118263244629,12.632523169207891,12.061577674019702,12.30271017308679,547478000
2022-10-04,13.119767189025879,13.172577516081788,12.832800195456576,12.832800195456576,584182000
2022-10-05,13.161615371704102,13.273214061069236,12.575725340860139,12.864684994243332,507131000
2022-10-06,13.082900047302246,13.607013197671234,13.055996476257599,13.172577350446693,644157000
2022-10-07,12.03268051147461,12.624549544676155,11.978874322115674,12.460141479897947,672478000
2022-10-10,11.62813663482666,12.08050753530761,11.367076415950967,11.993819734228161,698699000
2022-10-11,11.544439315795898,11.803505925509853,11.242525784323794,11.51952842526829,667482000
2022-10-12,11.458746910095215,11.692903570079896,11.304303196073544,11.537463990629318,492590000
2022-10-13,11.917096138000488,12.034672869060671,10.774210439470531,10.931643641216205,850103000
2022-10-14,11.186726570129395,12.067555297007958,11.163809311742797,12.013749105457423,713432000
2022-10-17,11.845355033874512,11.905140220648137,11.47568654235639,11.476682407821523,580774000
2022-10-18,11.924073219299316,12.447189613338601,11.576325138914761,12.29972073933894,659362000
2022-10-19,12.007769584655762,12.305697731615245,11.791548012253855,11.836386661619711,523131000
2022-10-20,12.150257110595703,12.723194242073287,12.061575677964084,12.069547352328092,652398000
2022-10-21,12.421280860900879,12.453166608425773,11.844358361540095,12.054600941010673,609494000
2022-10-24,12.553804397583008,12.664406275262714,12.02072372059677,12.46313123131559,517457000
2022-10-25,13.213430404663086,13.252291014913888,12.618571815177777,12.64846488467942,505482000
2022-10-26,12.849740028381348,13.339974778311161,12.662414686166759,12.82283740595862,532953000
2022-10-27,13.128734588623047,13.788360510627266,13.07492839668743,13.581106467465899,583113000
2022-10-28,13.784374237060547,13.800317586774417,13.014147382415905,13.05699335304701,521040000
2022-10-31,13.448583602905273,13.788360930226967,13.24930122851385,13.728575742782882,486341000
2022-11-01,13.49441909790039,13.875048766316969,13.470505022876246,13.761457385078938,432817000
2022-11-02,13.171581268310547,14.159026573083835,13.163610543300285,13.800318290781895,672628000
2022-11-03,13.372857093811035,13.73156634689156,12.90952589233768,12.996213708431235,500065000
2022-11-04,14.105219841003418,14.177957930344933,13.647865776966073,13.93582958769378,612576000
2022-11-07,14.2496976852417,14.360299555911872,13.903943306481167,14.176959603652595,410061000
2022-11-08,14.54962158203125,14.837584472787446,14.165005566889713,14.74790715863396,595292000
2022-11-09,13.726580619812012,14.160020538482165,13.709641407194992,14.11119558148255,454414000
2022-11-10,15.693500518798828,15.71641777595713,14.494815934563771,14.746908614064782,700819000
2022-11-11,16.2684268951416,16.33020474511368,15.42645899911689,15.750292878376628,655487000
2022-11-14,16.236547470092773,16.480669454615672,15.86488533252821,16.15982401511625,527852000
2022-11-15,16.606218338012695,16.93702626168871,16.323236669194443,16.662017219102463,545876000
2022-11-16,15.852928161621094,16.303306431643236,15.816061182952085,16.1040250035794,649547000
2022-11-17,15.620762825012207,16.20765063781741,15.479272015975031,15.65862661617727,710894000
2022-11-18,15.353724479675293,15.94459765168975,15.065760685221573,15.908725591523805,492072000
2022-11-21,15.262055397033691,15.421481294578124,15.025905097362354,15.092665143329405,404739000
2022-11-22,15.980466842651367,16.000395552590362,15.067752452914368,15.273013794121328,472866000
2022-11-23,16.45974349975586,16.46771612556409,15.99043426388969,16.040254147784076,427241000
2022-11-25,16.211641311645508,16.4278620079398,16.113993255254538,16.25946947410435,167934000
2022-11-28,15.770224571228027,16.298324023340506,15.668591183311177,15.968510119436205,303741000
2022-11-29,15.582898139953613,15.874847281240129,15.464325545701916,15.77022345370602,298384000
2022-11-30,16.86660385131836,16.87358049316019,15.545022579304094,15.644688755545094,565298000
2022-12-01,17.07790184020996,17.20746780911725,16.57956797350174,16.942355347832123,470977000
2022-12-02,16.819765090942383,16.876576265200864,16.390201516412013,16.603489123219873,371389000
2022-12-05,16.554649353027344,16.938366605030453,16.417108738331706,16.623419660375163,352255000
2022-12-06,15.933727264404297,16.51777403742583,15.766286867339783,16.474918055552177,352694000
2022-12-07,16.066286087036133,16.132066147916248,15.614794545863099,15.719445161170468,372388000
2022-12-08,17.111791610717773,17.121758517727503,15.905822476444317,16.218777273371813,515456000
2022-12-09,16.944347381591797,17.524408725344184,16.91843494852363,17.102817944678048,465338000
2022-12-12,17.47657012939453,17.479560391399467,16.74103030994318,16.98023035941477,457328000
2022-12-13,18.011777877807617,18.727385645434474,17.65198080321333,18.469247954138357,656589000
2022-12-14,17.6151065826416,18.19118159319031,17.361953248979066,17.927063332040404,496888000
2022-12-15,16.895511627197266,17.26228539533921,16.64435244524807,17.088865417042985,478542000
2022-12-16,16.51578140258789,16.984216489206464,16.355318584988897,16.807806241482627,478232000
2022-12-19,16.199832916259766,16.553649415100338,16.09119690622741,16.516773965424804,354039000
2022-12-20,16.03139877319336,16.255649382131462,15.799176351187127,16.010468843091985,403260000
2022-12-21,16.446014404296875,16.571595897427166,16.048343794868938,16.060304842306547,325025000
2022-12-22,15.287886619567871,16.084224902594713,14.832409670787916,16.040370897342594,565045000
2022-12-23,15.155328750610352,15.287884971363319,14.833405142358366,15.145361845900647,349326000
2022-12-27,14.073944091796875,15.049681806653775,14.009160162650081,15.023768425094323,464902000
2022-12-28,13.989228248596191,14.214474984092547,13.837734330636081,13.880591262742838,351066000
2022-12-29,14.554337501525879,14.634070838145426,14.17959100951328,14.354008039804668,354923000
2022-12-30,14.565300941467285,14.580250347473683,14.185570060566697,14.286233323061209,310490000
2023-01-03,14.267297744750977,14.946029157402801,14.049027654749226,14.801511884284999,401277000
2023-01-04,14.69985294342041,14.803506485615852,14.193546280154266,14.518460195074866,431324000
2023-01-05,14.217466354370117,14.515469810414057,14.100855645137985,14.442713107430109,389168000
2023-01-06,14.809484481811523,14.95998131637067,13.987233879252056,14.425767217118333,405044000
2023-01-09,15.575922966003418,16.002496236779955,15.090545335630782,15.233069416455065,504231000
2023-01-10,15.855984687805176,15.908807566890863,15.420440688134901,15.45532390083229,384101000
2023-01-11,15.94767951965332,15.97458997371224,15.511139335336974,15.787216717511937,353285000
2023-01-12,16.455978393554688,16.581557963434708,15.440374057820266,16.046348710283624,551409000
2023-01-13,16.842687606811523,16.865611678653806,16.11113426118995,16.22375667699758,447287000
2023-01-17,17.64301109313965,17.668925426357585,16.842687440869174,16.842687440869174,511102000
2023-01-18,17.3190975189209,17.813443145734695,17.224412859359354,17.608130198283973,439624000
2023-01-19,16.70913314819336,17.139694698743703,16.675247952454153,16.979229999863364,452932000
2023-01-20,17.77955436706543,17.79649791430325,16.768933461540048,16.954312559037017,564967000
2023-01-23,19.129045486450195,19.180872256618034,17.75862728937308,18.00380595113542,655163000
2023-01-24,19.200803756713867,19.430038785893963,18.757286908397305,18.76426355229002,496204000
2023-01-25,19.258607864379883,19.30545212333689,18.51808381196262,18.849974303107246,449537000
2023-01-26,19.73600959777832,20.098796881945777,19.21375566797564,19.6353463490083,489535000
2023-01-27,20.29714012145996,20.55926424729607,19.340339917531214,19.397149193004687,542142000
2023-01-30,19.098148345947266,20.07288815679004,19.086187298640233,19.883522650362398,488611000
2023-01-31,19.47189712524414,19.621396897100432,18.88685330332513,19.106119508648174,498017000
2023-02-01,20.873212814331055,21.1213817226709,19.545650683627567,19.62538402504865,660477000
2023-02-02,21.63665771484375,21.875857723454107,20.631021178314572,20.930020713829347,564276000
2023-02-03,21.029687881469727,21.67253897459517,20.719723419819307,20.93002073586232,429366000
2023-02-06,21.01873016357422,21.498126422507525,20.716738389006068,20.736672203359095,452197000
2023-02-07,22.0991153717041,22.184829243176587,21.07952350178786,21.31075078020512,664150000
2023-02-08,22.131006240844727,22.80176393868283,21.934662201742093,22.312398971746344,559651000
2023-02-09,22.26256561279297,22.943290193315832,22.046289671543487,22.530670219439532,523876000
2023-02-10,21.194133758544922,22.004424161513008,20.741648143531805,21.617718586227898,550737000
2023-02-13,21.715396881103516,21.974530722285284,20.89214911284721,21.466229945466377,474919000
2023-02-14,22.894454956054688,22.972194156462287,21.294801814356916,21.506095265379177,675474000
2023-02-15,22.68814468383789,22.778841054015846,22.032338260019806,22.473860964718224,420575000
2023-02-16,21.92868423461914,22.474856585066412,21.853933394359046,22.059246323523663,412026000
2023-02-17,21.316728591918945,21.667554896645086,20.905104738152975,21.5589188659097,465888000
2023-02-21,20.586172103881836,21.422375105842487,20.549294744904135,20.930021777294268,410015000
2023-02-22,20.68484115600586,21.03367523119019,20.352950629424083,20.637998793039895,513184000
2023-02-23,23.58514404296875,23.80839853574855,22.94827344265805,23.361891451181727,1117995000
2023-02-24,23.208402633666992,23.39577778263142,22.870533495406775,23.147606985640458,589716000
2023-02-27,23.42268943786621,23.800426245398345,23.37584707016334,23.591126919718125,452994000
2023-02-28,23.138639450073242,23.74561130134119,23.128672543867644,23.294119765093207,455963000
2023-03-01,22.622364044189453,23.1785051990992,22.43299664359423,23.114717384744207,460026000
2023-03-02,23.236309051513672,23.302089102000206,22.35724820401247,22.413063250752206,389415000
2023-03-03,23.81039047241211,23.82035737741727,23.05292280095457,23.24229019406714,412393000
2023-03-06,23.475509643554688,24.167195304458623,23.40873157565337,23.811386520323765,437429000
2023-03-07,23.21434211730957,24.04869465009514,23.167489892153753,23.525355561288883,515154000
2023-03-08,24.104515075683594,24.12345598243845,23.34990950267541,23.412709959422333,513573000
2023-03-09,23.361873626708984,24.37665338080257,23.309039864365545,24.098534615353046,501257000
2023-03-10,22.892364501953125,23.55227132624744,22.654120112006748,23.334960424456437,474866000
2023-03-13,22.89335823059082,23.224308845911295,22.22647555282617,22.680036313439018,421890000
2023-03-14,23.986888885498047,24.14239559716936,23.385795524923413,23.421682859195702,474910000
2023-03-15,24.151369094848633,24.20918430620047,23.286114490388712,23.68584522635948,524486000
2023-03-16,25.460214614868164,25.507064935559395,23.818422785484607,23.951003432054158,583253000
2023-03-17,25.643627166748047,26.31549495979066,25.58680635854396,25.899814194990817,848547000
2023-03-20,25.818078994750977,25.941687335476704,25.050514016475315,25.533980590026932,432747000
2023-03-21,26.116134643554688,26.3085249951989,25.300723004441352,26.09719563603672,547408000
2023-03-22,26.3842830657959,27.50173767157012,26.154012813178745,26.34141790205971,797295000
2023-03-23,27.104995727539062,27.412022096248382,26.605580921982124,27.02923590014394,564889000
2023-03-24,26.694299697875977,27.081072974576987,26.27164098570789,26.945503450093092,454920000
2023-03-27,26.44708251953125,26.91459893449874,26.28160721288135,26.752114397420495,361026000
2023-03-28,26.32646369934082,26.42913854404045,25.768235539667923,26.36334732054611,356104000
2023-03-29,26.898649215698242,26.99235175803325,26.51287415863534,26.740153636460196,393694000
2023-03-30,27.29638671875,27.412020935167096,27.01627538766958,27.142874491555478,364516000
2023-03-31,27.689144134521484,27.74596305741618,27.01926873122524,27.054157877093186,433933000
2023-04-03,27.87654685974121,27.911436002639256,27.249536675681906,27.421989811329777,398716000
2023-04-04,27.366168975830078,27.911439770704074,27.220630845431714,27.877546912651646,368592000
2023-04-05,26.795978546142578,26.912607163282487,26.31151565571502,26.74414297141955,515015000
2023-04-06,26.95148277282715,26.994346033960124,26.34341159102696,26.49991459021249,397654000
2023-04-10,27.49176788330078,27.5336348544528,26.584646372375655,26.738158599933065,395279000
2023-04-11,27.08306312561035,27.702099147015957,27.040197966487828,27.63630792496598,314378000
2023-04-12,26.411195755004883,27.381117678822534,26.36434353627186,27.28342808388289,446259000
2023-04-13,26.379297256469727,26.801955937603214,26.245722222126854,26.649439996093154,353615000
2023-04-14,26.67336654663086,26.797971184144085,26.137068080300253,26.420170212204003,395660000
2023-04-17,26.916593551635742,26.920580610646343,26.349393053761112,26.480975507689482,321471000
2023-04-18,27.579492568969727,28.021092206518258,27.270473592429965,27.445917519730365,604812000
2023-04-19,27.842653274536133,27.911435269103396,27.145864822992923,27.274456503625604,358660000
2023-04-20,27.01827049255371,27.94134215983428,26.914599351934957,27.583476516154896,427713000
2023-04-21,27.033222198486328,27.09702084669948,26.637478546679382,26.866750601318966,345103000
2023-04-24,26.95646858215332,27.279443208222265,26.58664173033635,26.9275609756168,339282000
2023-04-25,26.157997131347656,27.160815601118838,26.14204889645108,26.99234953614374,378527000
2023-04-26,26.87073516845703,27.24355272101591,26.620529651196374,26.91659109618502,406337000
2023-04-27,27.13988494873047,27.408035115051412,26.54078605798617,27.276452656846956,377161000
2023-04-28,27.661230087280273,27.670200494580325,26.985373211032865,27.138887339013703,292216000
2023-05-01,28.818561553955078,28.966094165511826,27.692136422777327,27.751946118785327,570329000
2023-05-02,28.12077522277832,28.74479663538686,27.994177999283473,28.589289902351595,402730000
2023-05-03,27.714065551757812,28.27727905481044,27.38510937944624,27.7519454686492,383387000
2023-05-04,27.474822998046875,27.770882582276077,27.15384096655844,27.563540293710812,321850000
2023-05-05,28.589284896850586,28.66404652957751,27.64328719583459,27.737986024481625,361494000
2023-05-08,29.058795928955078,29.127577928802488,28.260330759673817,28.431785713240817,344979000
2023-05-09,28.480627059936523,28.881355931475877,28.360011403786928,28.807590591905967,314869000
2023-05-10,28.79364013671875,29.02091963653205,28.37098141522854,28.913259525124563,369350000
2023-05-11,28.487607955932617,28.858432976365187,28.15665923092003,28.80460292458763,322149000
2023-05-12,28.250362396240234,28.688971234445617,27.957291677344866,28.438763778969957,274222000
2023-05-15,28.86141586303711,28.87736599763619,28.062950870138966,28.41782377780139,293926000
2023-05-16,29.1205997467041,29.775523171518977,28.740806219257955,28.749776627024,449405000
2023-05-17,30.082550048828125,30.103483537045584,29.33691669062859,29.490428937556633,432535000
2023-05-18,31.577800750732422,31.727325914629347,30.22409635534029,30.313811833941568,748725000
2023-05-19,31.165111541748047,31.48011201484415,30.818212695710137,31.43625056372688,473908000
2023-05-22,31.077388763427734,31.42030053090031,30.582957356502835,30.803257086267713,372000000
2023-05-23,30.590927124023438,31.1890295780185,30.534108217966057,30.90194047615348,356253000
2023-05-24,30.441408157348633,30.510190153140588,29.71172312962193,30.114444604983657,721419000
2023-05-25,37.8598747253418,39.35513045921453,36.51912753379368,38.40115657089839,1543911000
2023-05-26,38.822811126708984,39.04610163074743,37.43122683133464,37.770151547520655,714397000
2023-05-30,39.984130859375,41.8053518099001,39.82264450499864,40.4666011461992,923401000
2023-05-31,37.71432876586914,40.1675430373075,37.70236568816468,39.36309641035941,1002580000
2023-06-01,39.64421081542969,39.92332397878751,38.218733498055144,38.367260487804366,635873000
2023-06-02,39.20261001586914,40.37190020075976,38.934459847678006,39.970174994520356,482731000
2023-06-05,39.0471076965332,39.43985871743566,38.58457457981163,38.78593534052818,396094000
2023-06-06,38.53173828125,39.03613834073106,38.02733822176895,38.70718409484521,388729000
2023-06-07,37.36033248901367,39.378141523481524,37.241697122376735,38.79592881153469,511998000
2023-06-08,38.39216232299805,38.745079216522015,37.39024024122493,37.60856808894223,417772000
2023-06-09,38.65137481689453,39.589493696488056,38.44899682390139,38.91755616586712,427717000
2023-06-12,39.36119079589844,39.40904425940009,38.49983605891858,39.08005597622932,388701000
2023-06-13,40.89647674560547,40.975237387752834,39.618401830821284,40.063036270092226,613208000
2023-06-14,42.865440368652344,42.86842954641151,40.42791802705582,40.69908893155934,740465000
2023-06-15,42.522491455078125,43.15654702262012,42.018039182120376,42.47164881165265,568622000
2023-06-16,42.56136703491211,43.5872177031006,42.53045985415552,43.31704703395712,655709000
2023-06-20,43.6739501953125,43.85539630398405,42.543421257103255,42.86643115503074,451153000
2023-06-21,42.913291931152344,43.481551381643484,41.9512482252179,43.36789797033513,551603000
2023-06-22,42.893348693847656,43.293118838626924,42.10476872123709,42.12370778383283,417737000
2023-06-23,42.07984924316406,42.678011851996246,41.886442597723466,42.33407006327904,358140000
2023-06-26,40.50767517089844,42.63315169907878,39.97730148068593,42.33107741154621,594322000
2023-06-27,41.747867584228516,41.81167093605906,40.3242393713419,40.674163315350505,462175000
2023-06-28,40.99118423461914,41.71695722321169,40.39401812376897,40.535581905804115,582639000
2023-06-29,40.697086334228516,41.472705590731,40.475765515924735,41.43083429013432,380514000
2023-06-30,42.172569274902344,42.41981157958306,41.37402135436548,41.55247453077657,501148000
2023-07-03,42.28322219848633,42.76673879586181,42.07286928017555,42.38690406882019,198209000
2023-07-05,42.1875114440918,43.04487665210042,41.95621911201376,42.006065351557105,323618000
2023-07-06,41.97416687011719,42.04993452563393,41.219483295168246,41.71596052713125,303582000
2023-07-07,42.37295150756836,43.08177839649904,42.050941741012366,42.192505558452375,355881000
2023-07-10,42.050926208496094,42.679995816404,41.52154907156506,42.52646773776905,353908000
2023-07-11,42.275238037109375,42.627158483980864,41.93827488426671,42.35100568748728,298244000
2023-07-12,43.767669677734375,43.80056964792914,42.64611193757971,42.901329149439654,481277000
2023-07-13,45.8363151550293,46.01376808541058,44.35585853064173,44.38177994624532,478204000
2023-07-14,45.329872131347656,47.94085779132301,44.92212322629915,46.44046184420574,772075000
2023-07-17,46.3188362121582,46.35372896631426,45.12350743190866,46.14736542203415,510488000
2023-07-18,47.34867477416992,47.74944513877749,45.59406179064249,46.55810196861849,569164000
2023-07-19,46.93295669555664,47.6716905603688,46.59898261826371,47.31877361397163,427502000
2023-07-20,45.38072204589844,46.942928804835816,44.92412321467116,46.36470161642384,537865000
2023-07-21,44.17341995239258,45.72565880367255,43.965059822678604,45.64789454996022,963769000
2023-07-24,44.475494384765625,44.970975292246095,43.90524600694248,44.594129747804274,382516000
2023-07-25,45.53922653198242,46.04168213917605,44.7855393181674,44.803485791149136,348081000
2023-07-26,45.312923431396484,45.912086196628444,44.493440026375104,45.88018262099463,364237000
2023-07-27,45.759552001953125,47.24997638304764,45.61000946610031,46.37665740516835,455976000
2023-07-28,46.60695266723633,46.883105518604516,46.23908226392985,46.525202843607126,331194000
2023-07-31,46.58601760864258,46.98579159307672,46.363700375175576,46.61094263427025,251055000
2023-08-01,46.36469650268555,46.75649554152621,45.886165676964275,46.31783943234634,237858000
2023-08-02,44.13355255126953,45.69974496060761,43.254251209069714,45.69077362331721,530142000
2023-08-03,44.378780364990234,44.97993578154637,43.66596816308754,43.66596816308754,324176000
2023-08-04,44.54328155517578,45.50233587133729,44.25716100939372,44.84734857341807,362666000
2023-08-07,45.27803039550781,45.400655128648054,44.42664342016852,44.97296695444659,322154000
2023-08-08,44.527339935302734,45.10357050648728,43.92119857113271,44.71576081749796,353843000
2023-08-09,42.42379379272461,44.17641407263371,42.005076934408166,44.138528337331145,586449000
2023-08-10,42.258296966552734,43.440668733202855,41.70698769798923,42.03099398742127,492705000
2023-08-11,40.72998809814453,41.889431464332574,40.51464942799337,41.623246353337215,533085000
2023-08-14,43.619117736816406,43.66597480294201,40.18765244113688,40.362116194769875,690286000
2023-08-15,43.805545806884766,45.12948515568442,43.5762500445296,44.423651395520004,676512000
2023-08-16,43.35293960571289,44.53830062758481,43.27318256792619,44.38377612065419,527451000
2023-08-17,43.211368560791016,43.92716998066587,42.86941583301397,43.835452445012606,452395000
2023-08-18,43.16651153564453,43.44465716941068,41.53252668330837,42.504541812711565,583768000
2023-08-21,46.82328796386719,46.920987674468684,44.08668826541733,44.35785535241688,692573000
2023-08-22,45.52826690673828,48.03956041703018,45.194292833514275,47.987717576539744,755293000
2023-08-23,46.97182846069336,47.05557105969461,45.06966590460551,45.72565339980645,779046000
2023-08-24,47.01869201660156,50.112198303952155,47.01470644607622,50.062352051208165,1156044000
2023-08-25,45.877193450927734,47.65872425455991,44.88623165435981,46.8681514444708,925341000
2023-08-28,46.69169235229492,46.836249134555814,44.750651224061855,46.33977183033874,685192000
2023-08-29,48.63473129272461,48.93082341552477,46.249051833640735,46.52321191086775,701397000
2023-08-30,49.11326217651367,49.77423173710802,48.27682864513261,48.893934114542816,735206000
2023-08-31,49.20398712158203,49.59179683011506,48.80820246885937,49.22891214982183,528570000
2023-09-01,48.36056900024414,49.64761910935292,47.99469138418687,49.609737178375475,463830000
2023-09-05,48.39945602416992,48.701530322132584,47.7135613998585,48.075449679419506,382653000
2023-09-06,46.920860290527344,48.404428217365016,46.44129363976494,48.29675192445169,468670000
2023-09-07,46.103309631347656,46.206003567946354,45.01755163903208,45.38944205496558,433330000
2023-09-08,45.43629837036133,46.46721981309031,45.13619596961709,45.805199355822154,473069000
2023-09-11,45.04347229003906,46.02553600450633,44.180049901886676,46.01058127939669,473966000
2023-09-12,44.736392974853516,45.53700334292315,44.398401689358636,44.604786051563885,349256000
2023-09-13,45.349552154541016,45.7932266977616,44.3704741721049,44.46718544034271,398355000
2023-09-14,45.445274353027344,45.85006363868303,44.996613561123056,45.8131750613874,370097000
2023-09-15,43.7692756652832,45.46321387121769,43.67754676368698,45.20598272428771,506831000
2023-09-18,43.835079193115234,44.110258303658966,41.874933874444345,42.62070760166484,500271000
2023-09-19,43.390403747558594,43.83507476757458,42.873944730153006,43.70247140180037,373064000
2023-09-20,42.113216400146484,43.772262694137574,42.09726520219276,43.47016358744601,367108000
2023-09-21,40.89486312866211,41.97463849257789,40.85797455001659,41.45917965283468,450736000
2023-09-22,41.48610305786133,41.989600439472675,41.10822995213603,41.448214198146616,479236000
2023-09-25,42.09627914428711,42.409343350786685,41.054388777119094,41.46715750384496,419091000
2023-09-26,41.786197662353516,42.69249125804407,41.53095945617028,41.875929814501234,402282000
2023-09-27,42.34153747558594,42.744337580019156,41.50503894981491,42.20395172792175,444935000
2023-09-28,42.960697174072266,43.31663260486512,41.98959836899157,42.33356849695518,424663000
2023-09-29,43.36947250366211,44.01255232767132,43.178042888017536,43.696494927606466,397830000
2023-10-02,44.64864730834961,45.040474760812266,43.73038848028064,43.89888394531724,433298000
2023-10-03,43.38741683959961,44.995616545503985,43.11722389309479,44.67457296774722,470850000
2023-10-04,43.90986251831055,44.0115599865903,43.16309221624776,43.611753042966086,361821000
2023-10-05,44.554931640625,44.7663021604217,43.75731457253386,43.918830935362585,393483000
2023-10-06,45.625728607177734,45.65264863116873,43.89489809603468,44.061400612321464,434436000
2023-10-09,45.138187408447266,45.46919952767431,44.235883483851424,44.708471059532506,409675000
2023-10-10,45.661624908447266,46.12125070086953,44.95374003044169,45.17507908955567,368582000
2023-10-11,46.666622161865234,46.71946573957931,45.91287284021887,46.05843799423147,378137000
2023-10-12,46.80521011352539,47.4672343606174,46.19204354796514,46.637711102575786,481325000
2023-10-13,45.325626373291016,46.97570075879303,45.14516559213605,46.82016325151491,474115000
2023-10-16,45.95774459838867,46.08735476029038,44.77826474104746,44.928816083518186,375099000
2023-10-17,43.807167053222656,44.620739164515385,42.35350830716708,43.86898271179327,812333000
2023-10-18,42.070350646972656,43.090307040885016,41.700456999229225,42.464174898094846,627294000
2023-10-19,41.97563171386719,43.16806936588705,41.75728209596725,42.68351653502678,501233000
2023-10-20,41.263763427734375,42.34353877331354,40.95568161669413,41.76526400722088,477266000
2023-10-23,42.8470344543457,43.119224175669935,40.82308027803106,41.10623502417962,478530000
2023-10-24,43.532981872558594,43.5668810255137,42.56387990123347,42.9487282788918,401463000
2023-10-25,41.65459442138672,43.52002535417708,41.43126239759443,43.26877302407248,398379000
2023-10-26,40.20592498779297,42.130178498809435,39.76125385517592,41.72837859858881,541001000
2023-10-27,40.3794059753418,41.08330504631517,39.895849517473295,41.00753113322634,416784000
2023-10-30,41.038429260253906,41.64162722288695,40.36045387343674,40.96465211390715,388028000
2023-10-31,40.6585693359375,40.75727737613491,39.11318548755272,40.329553945294535,517969000
2023-11-01,42.198970794677734,42.25480380163395,40.74730500713954,40.7622597335259,437593000
2023-11-02,43.37644958496094,43.75332234424489,42.76627246802236,43.19897822868172,409172000
2023-11-03,44.87098693847656,45.174078747791896,43.59280293696078,43.888919424366684,424610000
2023-11-06,45.614776611328125,45.79823067127363,44.765312240505104,45.150164514118984,400733000
2023-11-07,45.81816101074219,46.080374555632474,45.02353336587058,45.582863690228386,343165000
2023-11-08,46.43531799316406,46.72744479735544,45.83111967900613,45.96272659241924,346719000
2023-11-09,46.81019973754883,48.08638711878528,46.610794508396026,47.32565858468725,540496000
2023-11-10,48.19107437133789,48.32766746778713,47.14220871523475,47.358561621942854,421245000
2023-11-13,48.4752197265625,48.96974494304787,47.9557712363459,48.176113818422,384136000
2023-11-14,49.50813674926758,49.6856081153753,48.89397370012533,49.532067353089744,416954000
2023-11-15,48.7424201965332,49.81122656013526,48.0564692193451,49.786303287958084,475497000
2023-11-16,49.33266830444336,49.377536290551284,48.18609481694431,48.53405466377334,339756000
2023-11-17,49.15119934082031,49.56895035271925,48.86106552381983,49.37652428254303,325205000
2023-11-20,50.25889587402344,50.39748190834169,49.0345518906684,49.16516232495467,414120000
2023-11-21,49.795284271240234,50.36657612795036,49.07543401602206,49.97674154704206,565747000
2023-11-22,48.57094192504883,50.185120642893004,47.54799598832388,49.703560932235554,899420000
2023-11-24,47.63373565673828,48.77532658141017,47.60282592861512,48.325669336815935,294645000
2023-11-27,48.09834671020508,48.38548731555285,47.510103445888454,47.65766154840481,395662000
2023-11-28,47.67860412597656,48.17911204503058,47.33164078012809,48.09236930689928,401491000
2023-11-29,47.99665069580078,48.616800180789156,47.71748568176772,48.2349412356402,382005000
2023-11-30,46.63072967529297,47.96673960192544,46.283766368785,47.88099334816859,526247000
2023-12-01,46.62574768066406,47.05945375436282,46.04946966832762,46.38646445632827,369317000
2023-12-04,45.374481201171875,45.93979415914972,44.87597007312704,45.93979415914972,437543000
2023-12-05,46.43142318725586,46.46532151700449,45.140163841646064,45.33459997495961,371718000
2023-12-06,45.371490478515625,47.25004822206123,45.2807538725136,47.07854443551646,380590000
2023-12-07,46.461334228515625,46.49423979899288,45.47220061553475,45.56792383673814,350823000
2023-12-08,47.368709564208984,47.60303102965734,46.41547109826504,46.4603430274887,359224000
2023-12-11,46.492244720458984,47.39363144924944,45.69755100849952,47.35374994188855,509728000
2023-12-12,47.51927185058594,47.52824471452688,45.912927610504205,45.912927610504205,372387000
2023-12-13,47.94902420043945,48.45356234904266,47.47041188410191,47.49135110162281,447792000
2023-12-14,48.210262298583984,48.52933716331639,47.28494671232897,48.25014760759364,391232000
2023-12-15,48.74870300292969,49.2612174369844,47.98092791403106,48.05471535600333,479948000
2023-12-18,49.93227767944336,50.28724783914224,49.00795855556237,49.25723605827901,412587000
2023-12-19,49.46064376831055,49.55636699628033,48.75369315436852,49.281163666785375,464444000
2023-12-20,47.971961975097656,49.85450624808912,47.958999057496804,49.511498623849185,397894000
2023-12-21,48.84842300415039,48.95311910291898,48.27907021417121,48.66993945324694,300425000
2023-12-22,48.688873291015625,49.24027260571634,48.32691966505345,49.05281623744541,252507000
2023-12-26,49.13657760620117,49.456649028909844,48.81849930781512,48.82647560877794,244200000
2023-12-27,49.27418518066406,49.536425600159234,48.94314392704513,49.36791528650649,233648000
2023-12-28,49.37887954711914,49.73983287122963,49.26919684127221,49.49953204501984,246587000
2023-12-29,49.37887954711914,49.85250906748791,48.61010784761711,49.66903891502132,389293000
2024-01-02,48.028785705566406,49.152527391898126,47.45744371873841,49.10167609887842,411254000
2024-01-03,47.4315299987793,48.044750572574365,47.18324903924687,47.34777311657652,320896000
2024-01-04,47.85927963256836,48.35982768135906,47.3706941328935,47.62894445792347,306535000
2024-01-05,48.95510482788086,49.40380504311915,48.166390532700504,48.321941715696894,415039000
2024-01-08,52.10198974609375,52.12392933182719,49.3360082047019,49.368913779629096,642510000
2024-01-09,52.98642349243164,54.16800018278708,51.54061326714163,52.24956080282397,773100000
2024-01-10,54.19292449951172,54.442201988108685,53.334412767924995,53.46104844034716,533796000
2024-01-11,54.6635627746582,55.18605048150879,53.40521272938546,54.840053191345746,596759000
2024-01-12,54.55188751220703,54.811138243808735,54.172988448593486,54.46214745952533,352994000
2024-01-16,56.21904754638672,56.67073742609818,54.74133230021394,54.85899129297286,449580000
2024-01-17,55.8910026550293,56.30779386315222,54.58179762947745,56.18415168775575,474394000
2024-01-18,56.941959381103516,57.43353464294008,55.94484937824919,57.094517089822695,491650000
2024-01-19,59.31906509399414,59.32803795704181,57.05961145486245,57.82140334356974,543501000
2024-01-22,59.481597900390625,60.15664330232137,58.89928603895681,59.87545679775879,452955000
2024-01-23,59.6999626159668,59.73685443495751,58.41568304614902,59.39783691409728,294654000
2024-01-24,61.18465805053711,62.667360005652704,59.76477374613349,60.12971710051197,560271000
2024-01-25,61.43892288208008,62.53773920716308,60.67413746929077,62.169802358134476,482777000
2024-01-26,60.854610443115234,61.604439770268314,60.39793774576205,60.78381649467955,390309000
2024-01-29,62.28447341918945,62.30840232360706,60.73097744998884,61.055035142050976,348733000
2024-01-30,62.59257888793945,63.309502714007664,62.08006442941247,62.71821799882993,410735000
2024-01-31,61.349185943603516,62.08904212424609,60.52457632784889,61.262435580323725,453795000
2024-02-01,62.8448486328125,63.0083761236307,61.47182934048774,61.92052577068121,369146000
2024-02-02,65.96880340576172,66.40752664709339,63.5059366044878,63.78911624931711,476578000
2024-02-05,69.13164520263672,69.29616929872287,67.01079290005846,68.02784195808994,680078000
2024-02-06,68.02584075927734,69.552414531284,66.10840153882174,69.42877233327619,683111000
2024-02-07,69.89640045166016,70.01705293105977,67.40462245828914,68.12154618534456,495575000
2024-02-08,69.43974304199219,70.58941086100856,69.25428354620854,69.87149037468448,414422000
2024-02-09,71.92453002929688,71.97637408306973,70.00907672049794,70.32914813919767,436637000
2024-02-12,72.03919219970703,74.39536169687851,71.04407549243956,72.39017224345903,613710000
2024-02-13,71.91954040527344,73.23771827831571,69.41879318637284,70.19653768234375,602580000
2024-02-14,73.68641662597656,74.02144406218807,71.73008918323228,72.99043592470231,504917000
2024-02-15,72.44800567626953,73.76120070674112,72.19075571305264,73.65551186894326,420122000
2024-02-16,72.40315246582031,74.18698384135303,72.29147662486973,73.88585465278437,495327000
2024-02-20,69.25128173828125,71.74804279084927,67.53824458047887,71.73906612377016,704833000
2024-02-21,67.27700805664062,68.68891622407938,66.05654635382845,67.8094614044966,673755000
2024-02-22,78.31102752685547,78.34791554573746,74.00550573707999,74.80817959484354,865100000
2024-02-23,78.58922576904297,82.15588435298636,77.34582786788651,80.556523512217,829388000
2024-02-26,78.86343383789062,80.41294376465017,78.27812461798902,79.46967086730548,503973000
2024-02-27,78.47354888916016,79.25030450092336,76.93900277777333,79.1515839793688,391705000
2024-02-28,77.43856048583984,78.70488691297152,76.9021132659983,77.39568548362723,393110000
2024-02-29,78.88336944580078,79.75883042270817,78.1235705564048,78.8654237167532,507289000
2024-03-01,82.04120635986328,82.06214938054762,79.20542398518815,79.76879352380037,479135000
2024-03-04,84.99066162109375,87.44155809825308,83.47705094561937,83.88685863778845,615616000
2024-03-05,85.7195816040039,85.85220668028344,83.17982622827054,85.02755456111447,520639000
2024-03-06,88.44780731201172,89.46889796984821,86.78255724053227,87.7717411927185,582520000
2024-03-07,92.40550994873047,92.50323087612081,89.34722911034507,89.90164797406622,608119000
2024-03-08,87.27913665771484,97.12306982330983,86.26003928547323,94.86750020038097,1142269000
2024-03-11,85.53011322021484,88.54451266458084,83.9266836856204,86.18324958318006,678364000
2024-03-12,91.65166473388672,91.69852817689657,85.90505025020566,87.79865287127926,668075000
2024-03-13,90.62957763671875,91.24382347923168,88.18354935724443,90.7961026211969,635713000
2024-03-14,87.69395446777344,90.3882755061813,86.35377401546849,89.32231468480107,602318000
2024-03-15,87.58726501464844,89.29140572149215,86.01176295929899,86.68284605628648,642086000
2024-03-18,88.2034912109375,92.14225684199752,86.8373838940454,90.13099363074502,668976000
2024-03-19,89.14382934570312,90.28656718338365,84.76830466715785,86.45349454494367,672171000
2024-03-20,90.11505889892578,90.15295286698971,87.97216679685033,89.54168915568671,479063000
2024-03-21,91.17501068115234,92.38456668043467,90.14794060720405,92.03755661197002,480372000
2024-03-22,94.02091979980469,94.50852789687556,90.5757411997652,90.88186754884678,586719000
2024-03-25,94.73188018798828,96.49086455465545,93.24412560987103,93.67389990625729,552136000
2024-03-26,92.29782104492188,96.10097979295517,92.23899068459922,95.57846759747075,513648000
2024-03-27,89.99339294433594,92.97488937266765,88.8695984293379,92.84725495724012,586067000
2024-03-28,90.0990982055664,91.04041442208826,88.93940289555813,89.74410760252643,435212000
2024-04-01,90.1060791015625,91.96278458075767,88.95037777581965,90.04226569169144,452441000
2024-04-02,89.1976547241211,89.8378275505344,87.37086312159137,88.19650409145588,433064000
2024-04-03,88.7110595703125,90.11705439114243,88.14866772814298,88.23242853900666,370067000
2024-04-04,85.6607437133789,90.3763015666953,85.63581327474101,90.1489453998678,434965000
2024-04-05,87.75776672363281,88.22942139866663,85.68168582327746,86.61900791219938,399678000
2024-04-08,86.88526153564453,88.57743512523471,86.4854007087341,88.44779987998065,283220000
2024-04-09,85.11129760742188,87.38581757145292,82.78593537872872,87.19336556349879,501700000
2024-04-10,86.79151153564453,87.1514851156994,83.47097835546509,83.6873641901017,431929000
2024-04-11,90.35835266113281,90.48100403591603,86.67884945614712,87.17144056555283,431637000
2024-04-12,87.93525695800781,89.91860764142923,87.28112393379013,89.44395551817271,426805000
2024-04-15,85.7564697265625,90.35535577476978,85.68467584656017,88.84466403718538,443077000
2024-04-16,87.16646575927734,87.86746232886081,85.81930894271287,86.18725549413733,370453000
2024-04-17,83.79607391357422,88.52259493497695,83.7113088922385,88.08882656112145,495400000
2024-04-18,84.43025207519531,85.94493790164843,82.16770633584548,84.72840551757585,447260000
2024-04-19,75.98334503173828,84.08424741361141,75.3910397359179,82.91358934859076,875198000
2024-04-22,79.29192352294922,79.84534593049224,76.18279194882734,77.88194214519964,596341000
2024-04-23,82.18864440917969,82.53366130187051,80.03578647084935,80.53934787289336,438559000
2024-04-24,79.45044708251953,83.84292061734187,78.9578484435489,83.71129217484813,512208000
2024-04-25,82.3970718383789,83.08610152779464,78.00060291462616,78.64376576074403,424641000
2024-04-26,87.48554992675781,88.07985603184983,83.1499127117647,83.57968703669025,551011000
2024-04-29,87.50748443603516,87.74180926182623,85.0235621625501,87.34594249418755,388971000
2024-04-30,86.15633392333984,88.5664614931565,86.05462655663052,86.99194868469957,363709000
2024-05-01,82.80488586425781,85.75547203094351,81.02396098069623,84.83509991070004,559863000
2024-05-02,85.572998046875,85.99180203592717,82.96343457532701,84.20888384405981,377898000
2024-05-03,88.53655242919922,89.02715032615576,86.79252471992756,87.53939567590184,398341000
2024-05-06,91.8780288696289,91.95780324115003,88.80180099005936,89.13584761213842,376203000
2024-05-07,90.2965316772461,91.52004037192769,88.75791956813879,90.83898366205493,437342000
2024-05-08,90.15493774414062,90.93471200217493,89.16575387590268,89.22857828050421,325721000
2024-05-09,88.49466705322266,90.81305333122494,87.9801353538175,90.27159797496299,378013000
2024-05-10,89.62245178222656,91.14112411341107,88.973301771079,90.04823965753017,335325000
2024-05-13,90.14197540283203,90.73927132421963,88.27728953555432,90.22074555223655,289680000
2024-05-14,91.09625244140625,91.39041184902159,88.68113417048747,89.34424430460986,296507000
2024-05-15,94.36093139648438,94.5922739920117,91.33855134424653,92.2090701983953,417735000
2024-05-16,94.0906982421875,95.54654592606171,93.8354218382871,94.64013400931879,323952000
2024-05-17,92.21604919433594,94.47062203748345,91.5449662156453,94.10068232469492,359691000
2024-05-20,94.51050567626953,94.92930964167746,93.17431942252952,93.48343554827802,318764000
2024-05-21,95.11479187011719,95.1287520032466,92.915062881723,93.33287026664621,328946000
2024-05-22,94.68002319335938,95.74698053068366,92.98386328100148,95.18757861855156,548648000
2024-05-23,103.5038833618164,106.0177117858919,101.23135605250833,101.73791493789797,835065000
2024-05-24,106.1662826538086,106.17226230771774,102.70714415978955,104.15202177987621,429494000
2024-05-28,113.5771484375,114.61219912037285,109.57057499198291,109.93054862844438,652728000
2024-05-29,114.49851989746094,115.16362326202471,110.58568085733936,112.7285727659483,557442000
2024-05-30,110.1858139038086,115.48969056494155,109.35119576529627,114.32401567603497,484553000
2024-05-31,109.3212890625,112.39652011050696,106.63594514688756,112.20007402311614,613263000
2024-06-03,114.67301940917969,114.67301940917969,111.68453916444382,113.29794252397816,438392000
2024-06-04,116.1059341430664,116.26847269779265,113.72073695926161,115.38699108204422,403324000
2024-06-05,122.09186553955078,122.10083501982173,117.13400243711465,118.0344347915748,528402000
2024-06-06,120.65396881103516,125.22991785379394,117.98358173920542,123.69529221491227,664696000
2024-06-07,120.54428100585938,121.34599585382935,117.68643254910567,119.42945596831338,412386000
2024-06-10,121.4437255859375,122.74999853797115,116.67731737762591,120.02776477909312,313434100
2024-06-11,120.57611846923828,122.53070514239239,118.41210500224047,121.43373663493091,222551200
2024-06-12,124.85427856445312,126.52963983604721,122.23154359875069,122.72018841720352,299595000
2024-06-13,129.25210571289062,129.4415834964467,126.80887399420205,129.0327119863157,260704500
2024-06-14,131.51583862304688,132.4731792100278,127.9656714477386,129.60114223243076,309320400
2024-06-17,130.6183319091797,133.36073857025062,129.22220369566065,132.6227916073861,288504400
2024-06-18,135.2056121826172,135.95354113797538,130.3291160023479,130.7778703322321,294335100
2024-06-20,130.4188690185547,140.3713064535189,129.16235380151105,139.41396587386305,517768400
2024-06-21,126.22048950195312,130.2692833981682,123.95676122395307,126.76897377617152,649445800
2024-06-24,117.78384399414062,124.11630717061917,117.71403760101381,122.89967494041525,476060900
2024-06-25,125.74181365966797,126.15068514494095,118.9905115651875,120.86531742755339,414192600
2024-06-26,126.05095672607422,127.7662006748868,122.26144711805412,125.78169805160451,362975900
2024-06-27,123.64762115478516,126.0609445300648,122.58057607711103,123.75731801767638,252571700
2024-06-28,123.1988754272461,127.3573591664442,122.41105590597208,124.236004634683,315516700
2024-07-01,123.9567642211914,124.49526638375627,118.50186772113265,123.12905433583957,284885500
2024-07-02,122.33126068115234,123.06922274393042,120.69578993975959,120.79551228090267,218374000
2024-07-03,127.92578887939453,127.92578887939453,121.0248983802502,121.32407305617434,215749000
2024-07-05,125.48253631591797,128.49420118342798,125.3329490025218,127.02825159880693,214176700
2024-07-08,127.84597778320312,130.40888813496693,126.68918503314605,127.13793933281039,237677300
2024-07-09,131.0172119140625,133.4504765285805,128.29473958471138,129.99005737514514,285366600
2024-07-10,134.53746032714844,134.72693809179796,132.0543307877707,133.65988550841513,248978600
2024-07-11,127.04820251464844,135.7740328866088,126.69917051710233,135.37514352274295,374782700
2024-07-12,128.88311767578125,131.5557097271737,126.86869151292463,127.90581292565753,252680500
2024-07-15,128.08534240722656,131.02719355977734,126.82881950170466,130.19948360408995,208326200
2024-07-16,126.01107788085938,128.68367018979245,124.23599428065054,128.0853361228611,214769500
2024-07-17,117.6641845703125,121.51352631521466,116.39769484983655,121.01490699704938,390086200
2024-07-18,120.755615234375,122.062002939552,116.23812571295703,121.51351868069985,320979500
2024-07-19,117.60436248779297,121.26422676213605,117.04591123957188,120.0176783628371,217223800
2024-07-22,123.1988754272461,123.72741074457895,119.52903654259545,120.0176813971429,258068900
2024-07-23,122.25147247314453,124.34567955387372,121.76282770486009,122.44095023584373,173911000
2024-07-24,113.93451690673828,119.61877422549412,113.12675602679064,118.8409292880146,327776900
2024-07-25,111.96995544433594,116.30794209044977,106.00647252262672,112.72785895570485,460067000
2024-07-26,112.74781036376953,115.87913942242228,111.27190127805348,115.8691725129428,293399100
2024-07-29,111.28185272216797,115.95890423286832,110.99266022089631,113.3760598876514,248152100
2024-07-30,103.44356536865234,111.68075088933978,102.2568489765504,111.21204752075072,486833300
2024-07-31,116.69685363769531,118.01320824039244,110.57380945153913,112.58823561538453,473174200
2024-08-01,108.9084243774414,119.82819139029307,106.51505026446524,117.20544905631927,523462300
2024-08-02,106.97378540039062,108.41978599115991,101.09008352011347,103.47348325737674,482027500
2024-08-05,100.17261505126953,103.12444802394918,90.43957172286065,91.80578374541406,552842400
2024-08-06,103.9621353149414,107.41258033181929,100.27235513846155,103.55326379264082,409012100
2024-08-07,98.63687133789062,108.49956025923653,98.41747763354093,107.51228858966286,411440400
2024-08-08,104.68013000488281,105.20866520993226,97.25069837056012,101.71833034514779,391910000
2024-08-09,104.46074676513672,106.30563671378638,103.14439207443418,105.348288539487,290844200
2024-08-12,108.71895599365234,110.76329830179426,105.96658275414626,106.02641463942724,325559900
2024-08-13,115.81930541992188,115.90906086189524,111.27189924867696,112.12952516459809,312646700
2024-08-14,117.75393676757812,118.2724974965541,113.75500781546704,118.20269109826258,339246400
2024-08-15,122.5207290649414,122.89967697557265,117.14561388018961,118.4320525248231,318086700
2024-08-16,124.23599243164062,124.6548308372553,120.84537951120186,121.60328301302395,302589900
2024-08-19,129.64100646972656,129.64100646972656,123.07917523933753,123.93680096772643,318333600
2024-08-20,126.89861297607422,129.52135538667704,125.54236785937302,128.0454312895895,300087400
2024-08-21,128.14515686035156,128.9928157355832,126.31024153473705,126.9684150377678,257883600
2024-08-22,123.3982925415039,130.388936708764,122.76006049629918,129.66095684860522,376189100
2024-08-23,129.01275634765625,129.2421321879317,124.87422213092064,125.51245424374224,323230300
2024-08-26,126.11080169677734,130.8975427630235,124.0265765218376,129.21222218734667,331964700
2024-08-27,127.94572448730469,128.84323320422493,123.53792378071748,124.70469880770285,303134600
2024-08-28,125.2631607055664,127.97565133826045,122.30136038396044,127.76622450424588,448101100
2024-08-29,117.2652816772461,124.08639756190335,116.38771446055243,121.02487540717718,453023300
2024-08-30,119.04037475585938,121.41379989153823,116.89631023816276,119.19992897597831,333751600
2024-09-03,107.7017822265625,115.88911124023056,106.9937436452946,115.68966653869764,477155100
2024-09-04,105.91670989990234,112.95721192187169,103.83248489547353,105.11892359162538,372470300
2024-09-05,106.91395568847656,109.34722045042044,104.47072401794104,104.70008464878364,306850700
2024-09-06,102.54605865478516,107.85136830211154,100.67124500554577,107.74167143504636,413638100
2024-09-09,106.1760025024414,106.25578342210773,103.40368021481835,104.59038905946406,273912000
2024-09-10,107.8014907836914,109.09790400275718,104.66018768236026,107.5122906776436,268283700
2024-09-11,116.5871810913086,116.86640671242463,107.12338026732812,109.08794174088705,441422400
2024-09-12,118.82118225097656,120.46676839354188,115.07124183313299,116.52733397843357,366052700
2024-09-13,118.78128051757812,119.6389797203674,117.28529459768677,118.76133738659651,238358300
2024-09-16,116.46749114990234,117.8637462195167,114.05396898625607,116.47746652004345,248772300
2024-09-17,115.28067779541016,118.48209453930119,114.52271703198278,117.85377554798693,231925900
2024-09-18,113.06661987304688,117.38502682895009,112.91701975753097,115.57987289959789,310318900
2024-09-19,117.55458068847656,119.33979153223306,116.93623707940027,117.0359679559666,293506400
2024-09-20,115.6895751953125,118.30256661567998,115.08120699289479,116.74673611998301,382462400
2024-09-23,115.94888305664062,116.67692526968904,114.55262802291854,116.23810791147417,206228500
2024-09-24,120.54655456542969,121.47406618937484,115.07124032940908,116.20818908018337,354966800
2024-09-25,123.17947387695312,124.60564732192762,121.28455699350084,121.69345582540069,284692900
2024-09-26,123.70806884765625,127.3283521984154,121.4740652366879,126.46068519535362,302582900
2024-09-27,121.07511901855469,123.69807805046355,118.9408465511356,123.63824105329503,271009200
2024-09-30,121.11502838134766,121.1748653861715,117.83383152489164,117.99339940741461,226553700
2024-10-01,116.6868896484375,122.11233379004094,115.4801287113044,121.4441210323085,302094500
2024-10-02,118.53194427490234,119.06052472572213,114.83187351018621,116.12839762685847,221845900
2024-10-03,122.52124786376953,124.0272091849403,120.01796257527629,120.59641230247804,277118000
2024-10-04,124.58570861816406,124.70539023390367,121.50398120040512,124.60565935860969,243678100
2024-10-07,127.37821197509766,130.29039598837593,124.61562046227938,124.65551433206126,346250200
2024-10-08,132.53436279296875,133.12278019873037,129.07364789501582,129.91139625758697,285722500
2024-10-09,132.29502868652344,134.16003500176663,131.02843810434518,133.75112849037495,246191600
2024-10-10,134.44923400878906,134.63872798675436,130.64943234270237,131.55700075403345,242311300
2024-10-11,134.43927001953125,135.4166432187145,133.30232133780012,133.6513755856735,170209500
2024-10-14,137.7005157470703,139.22642006970023,135.9352482142016,136.10479144805439,232347700
2024-10-15,131.24783325195312,138.1991821543322,128.3954862474048,137.50104323972985,377831000
2024-10-16,135.3568115234375,136.25439701653355,131.22789086287455,133.62146232310147,264879700
2024-10-17,136.5635528564453,140.51296215395072,136.50371585796043,138.96710708195366,306435900
2024-10-18,137.6306915283203,138.52827690762766,136.91261713769273,138.2988966827743,176090200
2024-10-21,143.325439453125,143.325439453125,137.63071268872676,137.76036967912168,264554500
2024-10-22,143.2057342529297,144.03351491090646,141.40058044009385,142.52756130979012,226311600
2024-10-23,139.18653869628906,142.04885378245024,137.09216737152124,141.64993025905358,285930000
2024-10-24,140.03427124023438,140.97175826689335,138.08949241788707,140.4431777464081,172354900
2024-10-25,141.1612091064453,143.74428940833508,140.42319920700885,140.55284095753052,205122100
2024-10-28,140.14395141601562,142.75693502866474,139.67520798990546,142.617310298629,173586700
2024-10-29,140.8720245361328,141.87931636585566,138.52830689029554,139.91458673541953,157593600
2024-10-30,138.9670867919922,139.95444277669785,136.4438589379193,139.16654849713757,179418100
2024-10-31,132.40472412109375,137.24175143875112,131.756469630996,137.2317836775648,270039600
2024-11-01,135.0376434326172,136.94253564166783,134.2098780275083,134.33951978002003,207127800
2024-11-04,135.6859130859375,138.58812914709054,135.2072018980832,136.8428124063768,187528200
2024-11-05,139.5355987548828,139.99435925396384,136.9625011145287,137.08217511986183,160537400
2024-11-06,145.22032165527344,146.09797148430005,141.58009580907174,142.577419626437,242043900
2024-11-07,148.48159790039062,148.53145192465237,145.77884323892675,145.9982557303204,207323300
2024-11-08,147.2349395751953,149.369212218998,145.8685954157921,148.37188826922187,175665800
2024-11-11,144.8712921142578,148.45169716990912,143.18582718199275,148.28213868247923,182325600
2024-11-12,147.89317321777344,149.24953450275174,145.61927565442116,146.38721941597868,198634700
2024-11-13,145.87857055664062,148.93037924410717,145.5095503668412,148.67108050956173,191903300
2024-11-14,146.3672637939453,148.60127501764129,145.16051028397845,147.24491377788954,194463300
2024-11-15,141.6000518798828,144.85133773586546,139.70514243904907,144.4823175216733,250132900
2024-11-18,139.77493286132812,141.1711953957962,136.7829612819808,139.1266784396513,221205300
2024-11-19,146.6165771484375,146.7362663614533,140.61269838756368,140.94181709193657,227834900
2024-11-20,145.4995880126953,147.16511715506326,142.34804073132528,147.0155246522584,309871700
2024-11-21,146.27748107910156,152.48083638169973,140.32345672847936,148.95031679761973,400946600
2024-11-22,141.57012939453125,146.7661937868221,140.72241318136372,145.539474391015,236406200
2024-11-25,135.656005859375,141.66986796819967,135.45654411602544,141.61003096699034,344941900
2024-11-26,136.5535888671875,138.9272246590056,135.30693397114106,137.33150030488406,190287700
2024-11-27,134.9778289794922,136.85280300357402,131.44730865073987,134.64871022731037,226370900
2024-11-29,137.8800048828125,138.9770670667102,135.6858957329694,136.41393779067297,141863200
2024-12-02,138.259033203125,140.07415499884576,137.45120318506554,138.45849496272686,171682800
2024-12-03,139.8846435546875,140.1638930268938,137.58082780000817,137.8899957715255,164414000
2024-12-04,144.7515869140625,145.39984134699782,139.91456002292938,141.61999054867616,231224300
2024-12-05,144.68177795410156,146.1579148411047,143.57467148409813,144.73165063129176,172621200
2024-12-06,142.06861877441406,145.3201135010368,140.94156015213164,144.2229906612707,188505600
2024-12-09,138.44805908203125,139.58508599383495,136.77244688316378,138.6076455444956,189308600
2024-12-10,134.71783447265625,141.4502349567079,133.44115786086326,138.6475487860502,210020900
2024-12-11,138.94674682617188,139.80450498546415,134.85744670503564,137.00183449376547,184905200
2024-12-12,136.98191833496094,138.0790564611993,135.445940177233,136.72260169557995,159211400
2024-12-13,133.8999786376953,139.2360360155149,132.19443031399229,138.57775313836598,231514900
2024-12-16,131.6558074951172,134.0495433619733,130.07992554881972,133.83011579862796,237951100
2024-12-17,130.05001831054688,131.24688636654815,126.52922370948323,128.75340490862754,259410300
2024-12-18,128.57388305664062,136.34356467427952,127.94552085179448,133.51097335742298,277444500
2024-12-19,130.33926391601562,133.68053537391728,129.212220572867,131.41644980197495,209719200
2024-12-20,134.34878540039062,134.92727495716574,127.88568536239204,129.4715360054975,306528600
2024-12-23,139.30581665039062,139.42549888718457,134.76767747092137,135.9246564899382,176053500
2024-12-24,139.85440063476562,141.53001300601622,138.28848684636677,139.63497303105362,105157000
2024-12-26,139.5651397705078,140.482754358897,137.37087908554133,139.3357437329122,116205600
2024-12-27,136.65277099609375,138.65754010210347,134.3587799168467,138.18876430649956,170582600
2024-12-30,137.1315155029297,139.9042657427297,133.67056192681179,134.47844750631418,167734700
2024-12-31,133.9398651123047,137.71002369221526,133.48107297196478,137.67011945974758,155659200
2025-01-02,137.94937133789062,138.51789243847597,134.27897378808947,135.64539681236818,198247200
2025-01-03,144.0933074951172,144.52217900012494,139.36566117903786,139.64492988439244,229322500
2025-01-06,149.04039001464844,151.76328315584956,147.43460231153736,148.20258376458906,265377400
2025-01-07,139.77459716796875,152.73073241075815,139.6449312609891,152.63098706400407,351782200
2025-01-08,139.7447052001953,143.57468988273558,137.20135052761552,142.2082666228464,227349900
2025-01-10,135.55564880371094,139.55518814906236,133.87005266470834,137.09162690267476,207602500
2025-01-13,132.8826141357422,133.1419459563911,129.17231238202828,129.6510717959939,204808900
2025-01-14,131.4164581298828,136.02442280388445,129.71092511662002,135.6952813829554,195590500
2025-01-15,135.88479614257812,136.09424010113995,130.94768976753863,133.30153730793728,185217300
2025-01-16,133.2217559814453,138.38824308482273,133.14196273572836,138.27852927433761,209235600
2025-01-17,137.3509521484375,138.13888566634566,135.10681862678206,136.33360735729912,201188800
2025-01-21,140.4628143310547,141.4602070208564,136.7325601923546,138.79717036536638,197749000
2025-01-22,146.68655395507812,147.40466270866227,143.2954095914058,144.2828338584672,237651400
2025-01-23,146.83615112304688,146.8461195709751,143.34527675360425,144.67181084027297,155915500
2025-01-24,142.2481231689453,148.58157206293976,141.5100624088345,147.98313043457708,234657600
2025-01-27,118.11123657226562,128.06521102414737,116.39571998533557,124.47460659166907,818830900
2025-01-28,128.65367126464844,128.6636397113665,115.94688462361518,121.49238479939024,579666400
2025-01-29,123.37747955322266,126.55916484585856,119.73700212037913,126.17018228394103,467120600
2025-01-30,124.32499694824219,124.67408285834512,117.79207196266405,122.77903527699785,392925500
2025-01-31,119.7569351196289,127.51664871512425,118.8792323275003,123.45726093608867,388161100
2025-02-03,116.35582733154297,118.26084328911304,112.71534272693829,114.45080376447106,371235700
2025-02-04,118.34063720703125,120.88398385074507,116.39571701060105,116.65504122535879,256550000
2025-02-05,124.50453186035156,124.67408679210826,120.44514389878061,121.44253659311748,262230800
2025-02-06,128.344482421875,128.43425932928383,124.88353622330139,127.08777312720079,251483600
2025-02-07,129.50144958496094,130.03006643749526,124.67407312607986,128.88307105233656,228186300
2025-02-10,133.2217559814453,134.64802029874645,129.6211675706223,129.75081827828257,216989100
2025-02-11,132.45375061035156,134.12936300336048,130.67839286199495,132.23432300379022,178902400
2025-02-12,130.79808044433594,131.89521852186024,128.7434538800678,129.68100547013307,160278600
2025-02-13,134.937255859375,136.14410776005724,130.8280026783839,131.2169852346524,197430000
2025-02-14,138.48797607421875,138.8869270481558,135.1467045962306,136.12414513567924,195479600
2025-02-18,139.03652954101562,143.06600437599374,137.57036112568994,140.90166414837108,219176600
2025-02-19,138.8669891357422,140.99144057578553,136.86223517532474,139.14625788985987,167536000
2025-02-20,139.7447052001953,140.29327428157626,136.4333538136822,139.6649119502666,143903600
2025-02-21,134.07948303222656,141.09116717483585,133.68053207054632,139.6748562571626,228217600
2025-02-24,129.94032287597656,138.22865397806314,129.74084737496105,136.20394796569565,251381100
2025-02-25,126.29981994628906,129.8605111604116,124.11553536570229,129.64108357480436,271428700
2025-02-26,130.93771362304688,133.38132271635274,128.1549946612343,129.6510837247691,322553800
2025-02-27,119.83672332763672,134.65797047615226,119.69708897132982,134.64800202891726,443175800
2025-02-28,124.59429168701172,124.76384661623277,116.09650940652436,117.71228067710521,389091100
2025-03-03,113.76261138916016,123.3774766164976,111.9872535622559,123.18797717385785,411381400
2025-03-04,115.68757629394531,118.9989197292815,109.82291000037466,110.36150296756519,398163300
2025-03-05,116.9941635131836,117.97160407078815,114.21143704412195,117.27343224392774,284337900
2025-03-06,110.2817153930664,115.0492514915792,109.93262945458795,113.23399700198848,321181900
2025-03-07,112.39617919921875,113.18412029909872,107.27955007853643,110.95993136050063,341755500
2025-03-10,106.70106506347656,111.5583622176382,105.18502403072868,109.61344966651625,366487400
2025-03-11,108.47642517089844,111.94734728122161,104.49682307629253,106.71103594468934,354865700
2025-03-12,115.44884490966797,116.46628328215824,112.59603885298675,113.83292501602207,323857500
2025-03-13,115.28925323486328,117.46376961532557,113.50375517662202,116.73560262668995,299033100
2025-03-14,121.36392211914062,121.57339292473429,117.85278046649132,118.31162236591584,277593500
2025-03-17,119.22930908203125,122.58085727393843,117.73308248243704,122.43123309193861,255501500
2025-03-18,115.1396255493164,118.7205909220559,114.25186503478537,117.70316017412442,299686900
2025-03-19,117.224365234375,120.1469948780257,115.38899756160431,116.97499413034406,273426200
2025-03-20,118.23181915283203,119.89761619602571,116.17700382075364,116.25680439544837,248829700
2025-03-21,117.4039077758789,117.6931791575635,115.1296446207881,116.64582513098318,266498500
2025-03-24,121.1045913696289,121.91255134314885,119.03979124138472,119.5784337604655,228452500
2025-03-25,120.38638305664062,120.98487211685925,118.62083157726417,120.24673586292965,167447200
2025-03-26,113.47382354736328,118.5410383402261,112.42646191953317,118.4313220614094,293463300
2025-03-27,111.14967346191406,114.1620726346108,110.38161391592817,111.06987289318275,236902100
2025-03-28,109.39411163330078,112.58606625933987,108.79562251910656,111.20953292547101,229872500
2025-03-31,108.10736083984375,110.68087252083329,103.38926370156523,104.86553641067388,299212700
2025-04-01,109.87291717529297,109.92278683325367,106.20217397842941,108.2470125996811,222614000
2025-04-02,110.14221954345703,111.69830029652357,106.5213541109438,107.0200962834212,220601200
2025-04-03,101.54391479492188,105.36427425680411,101.344413349133,103.24961220285616,338769400
2025-04-04,94.07276153564453,99.87812106911886,91.87829866162578,98.66119636165205,532273800
2025-04-07,97.39437103271484,101.49403230771996,86.40209687721266,87.23998007579976,611041300
2025-04-08,96.05775451660156,105.58372634261488,94.2223791915971,103.54885717389794,476243400
2025-04-09,114.04239654541016,114.8104562069238,97.28465510127192,98.6412345329499,612918300
2025-04-10,107.29939270019531,110.58111717003517,98.9005761841806,109.09486759895934,437812400
2025-04-11,110.65094757080078,111.26939065397997,107.20962934859612,108.22706011361765,313417300
2025-04-14,110.43150329589844,114.00249947758738,108.7956293956101,113.82295197096049,264705000
2025-04-15,111.9177474975586,113.33418114021705,110.22202704858428,110.69084593782598,228966900
2025-04-16,104.22714233398438,106.52135948725393,100.1973044637503,104.2869965726397,397016900
2025-04-17,101.23469543457031,104.20720246563869,99.79832299108041,104.18724851478048,292517500
2025-04-21,96.66621398925781,99.18984822876095,94.80091547691985,98.52152791683338,288501100
2025-04-22,98.64122772216797,99.55891150664588,97.03527729423074,98.53150383378456,241004800
2025-04-23,102.45161437988281,104.53636058197965,101.76334775853866,104.25705857766793,247526000
2025-04-24,106.16226196289062,106.2719858525715,102.85061415392688,103.21968611105362,220815000
2025-04-25,110.73074340820312,111.63845023877658,105.46402708737592,106.5812047250048,251064700
2025-04-28,108.45648193359375,110.09235573735528,105.75329251827114,109.4140660423662,207708500
2025-04-29,108.74574279785156,109.92277466025524,107.16972327513623,107.39914041879526,170444300
2025-04-30,108.64599609375,108.64599609375,103.81817538074749,104.20719367744803,235044600
2025-05-01,111.32923889160156,114.65086390129245,111.02002115064856,112.79554223516973,236121500
2025-05-02,114.21196746826172,115.10970497913567,113.08481279973248,113.8927727544179,190194800
2025-05-05,113.53368377685547,114.38154406705421,112.3766057315755,112.62597685282235,133163200
2025-05-06,113.25438690185547,114.4513652140045,110.541227943435,111.19957134225872,158525600
2025-05-07,116.7655258178711,117.38396890879066,111.99755142427854,112.7656187028628,206758800
2025-05-08,117.07474517822266,118.38144728921775,115.55856464909375,117.95252869863282,198428100
2025-05-09,116.35655975341797,117.9325869721132,114.92017974547274,117.05479580716789,132972200
2025-05-12,122.6905746459961,122.6905746459961,119.97741600529791,121.66316698651148,225023300
2025-05-13,129.6031494140625,130.88991289915035,124.15689275092413,124.66561195964681,330430100
2025-05-14,134.9995574951172,135.09931203986915,131.3487603310497,132.86494113292153,281180800
2025-05-15,134.49081420898438,135.9571173935552,132.32627503661865,133.9521641466833,226632600
2025-05-16,135.05938720703125,136.0070096021913,133.1242801768634,135.87733175434735,226542500
2025-05-19,135.22897338867188,135.5282065455698,132.05696494191162,132.05696494191162,193154600
2025-05-20,134.04196166992188,134.24145551049554,132.286379343903,133.95217650431997,161514200
2025-05-21,131.4684600830078,137.05436414816955,130.26149714159004,132.72528507307794,270608700
2025-05-22,132.495849609375,133.9122755767364,131.21907084385478,131.89735290411087,187344000
2025-05-23,130.959716796875,132.3462194682512,128.8350854296202,129.67296865108418,198821300
2025-05-27,135.15911865234375,135.31871978851976,132.974625664691,133.81250879901197,192953600
2025-05-28,134.4708709716797,136.904735369061,134.45091702175245,135.68780317037033,304021100
2025-05-29,138.83985900878906,143.12904506361895,137.56308016740775,141.8921589021039,369241900
2025-05-30,134.7900848388672,139.26878048564038,132.5856374053386,138.37105052724368,333170900
2025-06-02,137.03440856933594,137.7725372671851,135.05937854437917,135.14916370580715,197663100
2025-06-03,140.86474609375,141.64278269656361,137.60296789247522,138.43088175862894,225578800
2025-06-04,141.56300354003906,142.03182248964907,139.18898547353785,141.8323286265058,167120800
2025-06-05,139.63784790039062,143.63775490128222,138.48076233301106,141.8123566062966,231397900
2025-06-06,141.36351013183594,142.90961421188257,141.1540316815974,142.1515162209299,153986200
2025-06-09,142.27120971679688,144.63524295526028,141.58294302195193,142.8297985646697,185114500
2025-06-10,143.59783935546875,143.92699576408052,141.1739447128789,142.3310300960049,155881900
2025-06-11,142.4805908203125,144.6353103750697,141.52293261104455,144.25623511410478,167694000
2025-06-12,144.64527893066406,144.64527893066406,141.50299102868564,141.62269259555393,162365000
2025-06-13,141.62271118164062,143.2287733742275,140.50545582034982,142.13145812905782,180820600
2025-06-16,144.33604431152344,145.82238955213242,142.84968384945327,142.9993260342438,183133700
2025-06-17,143.76744079589844,144.86475600350525,143.4282761758971,144.1365460319819,139108000
2025-06-18,145.12411499023438,145.29369730081095,142.76988753620614,143.65770976302605,161494100
2025-06-20,143.4980926513672,145.84233449814036,142.30101614416546,145.09416929186932,242956200
2025-06-23,143.81732177734375,144.4258301714446,141.6825573691225,142.15140884759998,154308900
2025-06-24,147.53817749023438,147.59804349475166,145.1440548392029,145.20390562225958,187566100
2025-06-25,153.9324951171875,154.0721520137232,148.8948463426075,148.90483162044157,269146500
2025-06-26,154.64077758789062,156.33661581991106,153.6232685600938,155.59842060814296,198145700
2025-06-27,157.3640899658203,158.32174817747665,154.880175871103,155.65826650868465,263234500
2025-06-30,157.60350036621094,158.27185945851633,155.57846775508057,158.01248577811177,194580300
2025-07-01,152.9249725341797,156.81542555199195,151.1194029227986,155.90764810734902,213143600
2025-07-02,156.8653106689453,157.21446053326332,152.59578228626097,152.6057523429847,171224100
2025-07-03,158.95018005371094,160.5861672776582,157.38402888502534,157.98255188610304,143716100
2025-07-07,157.85289001464844,158.92026447090194,156.95508262544374,157.81297934590498,140139000
2025-07-08,159.60858154296875,159.82804456030718,158.0025195823342,158.94022243433284,138133000
2025-07-09,162.48153686523438,164.01776272716893,160.76574343834326,160.82559421950873,183656400
2025-07-10,163.6985626220703,164.0975779997467,161.214648514871,163.91802564623063,167704100
2025-07-11,164.5165557861328,167.4792915182188,163.07010595303956,163.319494380175,193633300
2025-07-14,163.66864013671875,165.08516454052796,161.62365204151925,164.96544774793,136975800
2025-07-15,170.28240966796875,171.97824787505814,168.78607915204378,170.77121644956358,230627400
2025-07-16,170.95077514648438,171.32985042878116,168.4868162544787,170.64153593048928,158831500
2025-07-17,172.5767822265625,173.7339481189201,170.4120926228971,171.59918390717252,160841100
2025-07-18,171.98822021484375,173.82371518980958,170.8410244393951,173.21520688358655,146456400
2025-07-21,170.9607391357422,172.95584631586675,170.58166390065136,172.32738268326037,123126100
2025-07-22,166.6213836669922,170.97071815657463,164.17738028748298,170.9208374301641,193114300
2025-07-23,170.36221313476562,170.84103463039327,167.55908978070133,169.1152710575868,154082200
2025-07-24,173.3149871826172,173.40476336343244,170.88095369299285,172.01816431437092,128984600
2025-07-25,173.07554626464844,174.29256285091202,172.5368740284716,173.1852777673922,122316800
2025-07-28,176.31761169433594,176.56700011257405,173.54441370124516,173.594294429185,140023500
2025-07-29,175.08062744140625,178.94117023690123,174.59183591750704,177.52464594674228,154077500
2025-07-30,178.83145141601562,179.4499298230835,175.60934208925488,176.07819353379378,174312200
2025-07-31,177.43487548828125,182.85160010862035,175.49961883405416,182.45256948733228,221685400
2025-08-01,173.29502868652344,176.1081221843386,170.47194991004753,173.6641186818972,204529000
2025-08-04,179.5596466064453,179.75915428060495,174.09305718288007,174.7314908730668,148174600
2025-08-05,177.8238983154297,179.81900550487381,175.4696712230272,179.18057181311008,156407600
2025-08-06,178.9810791015625,179.4599006050506,175.81883576850015,175.898641889325,137192300
2025-08-07,180.32778930664062,183.43018196887525,178.3626072705472,181.12583532286254,151878400
2025-08-08,182.25303649902344,182.85157473717487,179.9586602147226,181.10585596760288,123396700
2025-08-11,181.6146240234375,183.39026839012567,179.80905426349312,181.6046539661726,138323200
2025-08-12,182.71194458007812,184.02870758664506,179.02099882862018,182.51243687865426,145485700
2025-08-13,181.14576721191406,183.51994981646104,178.9112567337155,182.1732462738988,179871700
2025-08-14,181.57472229003906,182.57227595462552,179.02098734413144,179.3102712094187,129554000
2025-08-15,180.00856018066406,181.45500998578265,177.6044521364236,181.43506987144983,156602200
2025-08-18,181.5647430419922,182.49247589603021,180.14821861780752,180.15820389652,132008000
2025-08-19,175.21034240722656,182.05356183349764,175.06071543129087,181.9837257637527,185229200
2025-08-20,174.9709014892578,175.56943975883806,168.38705663117767,174.74146841521826,215142700
2025-08-21,174.5519256591797,176.46722675550242,173.38478976711397,174.42225404103465,140040900
2025-08-22,177.55458068847656,178.15310374912357,170.78118284108405,172.1877371490149,172789400
2025-08-25,179.37013244628906,181.46500135257926,176.13806812642193,177.91371253514103,163012800
2025-08-26,181.32533264160156,181.94381103857447,178.37256711704984,179.61950918930867,168688200
2025-08-27,181.15576171875,182.0435839210746,178.66187741767394,181.53482178191953,235518900
2025-08-28,179.72923278808594,184.01871637210735,175.9784366795831,180.3776517699909,281787800
2025-08-29,173.75389099121094,177.714180280125,172.72641192849127,177.67428483075477,243257900
2025-09-02,170.36221313476562,171.9583050821389,166.81092453439402,169.58412249632292,231164900
2025-09-03,170.20260620117188,171.9882358353705,168.46687251736884,170.64153226145447,164424900
2025-09-04,171.2400665283203,171.43957421789176,168.99557077235426,170.15273668191406,141670100
2025-09-05,166.6114044189453,168.6164816497661,163.66862438059468,167.61892806242963,224441400
2025-09-08,167.8982696533203,170.54179623040895,166.94062657490792,167.140134281122,163769100
2025-09-09,170.34225463867188,170.5617176578999,166.3320999523285,168.6763418810487,157548400
2025-09-10,176.8961944580078,178.85139113084074,175.04074401948455,176.2078799889887,226852000
2025-09-11,176.7465362548828,179.84910351407555,176.05818301908454,179.25053151190707,151159300
2025-09-12,177.39500427246094,178.1731387966239,176.02826832324598,177.3451207317183,124911000
2025-09-15,177.3251495361328,178.4225264520066,174.0928881658194,175.25011923668302,147061600
2025-09-16,174.46202087402344,177.0757538913052,173.96321593348455,176.5769489507663,140737800
2025-09-17,169.8829803466797,172.78602876073558,168.00748411706098,172.22736966160153,211843800
2025-09-18,175.81878662109375,176.67673180432445,172.54662713675344,173.56417834624654,191763300
2025-09-19,176.2477264404297,177.65435995090164,174.76128231706025,175.34988368438943,237182100
2025-09-22,183.17117309570312,184.1089289332547,174.29245016588177,174.8810364137678,269637000
2025-09-23,178.0035400390625,181.98400930831284,175.78885990523673,181.53508786527138,192559600
2025-09-24,176.54701232910156,179.35029350783142,174.9807575937583,179.34032288959435,143564100
2025-09-25,177.2653045654297,179.82915407834395,172.7162058826927,174.06297010669513,191586700
2025-09-26,177.7641143798828,179.3403398828169,174.51189629291883,177.74415791919978,148573700
2025-09-29,181.4153594970703,183.56021461148362,179.8890176259668,179.99874009736317,193063500
2025-09-30,186.13404846191406,186.9022123120565,181.04623211551163,181.64480411708308,236981000
2025-10-01,186.79249572753906,187.69033860903804,183.46046686832446,184.7972757932568,173844900
2025-10-02,188.43853759765625,190.59337868298996,187.6105195355423,189.146847340247,136805800
2025-10-03,187.1715545654297,189.90501102540352,184.93691825112066,188.7378093314507,137596900
2025-10-06,185.0965576171875,186.78252099752746,182.8918479831437,185.05665991394912,157678100
2025-10-07,184.5977325439453,188.6081286768816,183.56022492696124,185.78489078203316,140088000
2025-10-08,188.6580047607422,189.14683908131633,186.09414006589398,186.12408236678675,130168900
2025-10-09,192.1097412109375,194.83321191134357,190.60334055524348,191.77054228398893,182997200
2025-10-10,182.7222442626953,195.15245586263575,181.61489659616785,193.04749823427522,268774400
2025-10-13,187.8699188232422,189.6556339904095,185.51555866051012,187.52074924115996,153482800
2025-10-14,179.59971618652344,184.35831986008523,179.2705030798172,184.32839277968645,205641400
2025-10-15,179.4001922607422,184.42813951825556,176.86625456034105,184.35831474003746,214450500
2025-10-16,181.3754425048828,182.84193018690272,179.34032512988762,181.79443681084305,179723300
2025-10-17,182.78208923339844,183.65999082680747,179.3203816221287,179.74934657743225,173135200
2025-10-20,182.20347595214844,184.75735492260156,181.2956472677441,182.69231029505525,128544700
2025-10-21,180.72702026367188,182.35311411361405,179.37027013728058,182.35311411361405,124240200
2025-10-22,179.84910583496094,183.00155667206866,176.33751483638122,180.7070509305708,162249600
2025-10-23,181.72462463378906,182.59254038327154,179.3602787988416,179.988777912505,111363700
2025-10-24,185.8148193359375,187.02193404421294,183.06142142022418,183.40060514170608,131296700
2025-10-27,191.03233337402344,191.54110896467577,187.9796341631504,189.5359184602369,153452700
2025-10-28,200.5495147705078,202.66444286407344,191.45131745385083,192.58859211843296,297986200
2025-10-29,206.545166015625,211.6828666070652,204.29057291407037,207.482921843539,308829600
2025-10-30,202.4050750732422,205.66726375798942,200.9286166610889,204.65966800141675,178864400
2025-10-31,202.00604248046875,207.4729406961805,201.5870481318289,205.95656932325562,179802200
2025-11-03,206.3855438232422,210.83487551397138,205.06869143040765,207.58267267525224,180267300
2025-11-04,198.21510314941406,203.48248192945988,197.4569099225941,202.51479915904252,188919300
2025-11-05,194.74343872070312,202.43500266122365,194.18476438007542,198.29492759193732,171350300
2025-11-06,187.6304931640625,197.14768599494536,185.93455918559198,195.9505570232203,223029800
2025-11-07,187.70028686523438,187.86989393508227,178.48238160939712,184.45805485831954,264942300
2025-11-10,198.5742645263672,199.46213677715232,193.32682642239038,194.6436788693004,198897100
2025-11-11,192.69833374023438,194.9529266552934,190.84277869998112,194.69355355890158,176483300
2025-11-12,193.3367919921875,195.42179292552225,190.67317551912151,195.2522010776849,154935300
2025-11-13,186.41339111328125,190.9824463944715,183.41059072037282,190.59337913278358,207423100
2025-11-14,189.71546936035156,190.55345800755302,180.14839424900484,182.42294356130517,186591900
2025-11-17,186.15402221679688,188.54828000089623,183.87947275520656,185.52552307898492,173628900
2025-11-18,180.92652893066406,184.35830936263392,179.22060933347112,182.94170515591497,213598900
2025-11-19,186.07420349121094,187.41099710874653,182.39302051116815,184.3483273978252,247246400
2025-11-20,180.208251953125,195.53154064523628,179.42014682895694,195.4816571057099,343504800
2025-11-21,178.4524688720703,184.11888595894638,172.51667761994415,180.80682891210233,346926200
2025-11-24,182.1136932373047,183.06141961318156,176.0581937395723,179.0610093294625,256618300
2025-11-25,177.39500427246094,177.73418799379976,169.1447659257062,174.49195573568102,320600300
2025-11-26,179.8291473388672,182.4728225932506,177.81398638784032,181.1958831941039,183852000
2025-11-28,176.5769500732422,178.86147001761242,176.07814512953246,178.5821404669205,121332800
2025-12-01,179.48997497558594,179.8690716163194,173.2648835948944,174.3423041351479,188131000
2025-12-02,181.02630615234375,185.2162648499111,179.56978894419797,181.32557695606172,182632200
2025-12-03,179.16078186035156,182.01394715864362,178.68193330759738,180.64722628696225,165138000
2025-12-04,182.95188903808594,184.08922700452197,179.53987513877786,181.19598816136636,167364900
2025-12-05,181.98416137695312,184.22890867632069,180.48766317737477,183.46070200471706,143971100
2025-12-08,185.11683654785156,187.56111397793046,181.9741810893209,182.213626289633,204378100
2025-12-09,184.53817749023438,185.2864265695677,182.89203560496765,185.12679644575,144719700
2025-12-10,183.35096740722656,185.0469957406681,181.61502392815055,184.53819180758595,162785400
2025-12-11,180.50759887695312,180.89670300875093,176.20766331092784,179.85912243695617,182136600
2025-12-12,174.6114044189453,182.39319766595756,174.21232912082112,180.68718311570447,204274900
2025-12-15,175.87841796875,178.00345003705766,174.62136510726435,177.52457493122958,164775600
2025-12-16,177.3050994873047,178.0733061224419,174.4916756985292,175.84850127733236,148588100
2025-12-17,170.54092407226562,175.71880987812392,169.91239000563186,175.68888113429998,222775500
2025-12-18,173.73345947265625,175.7387615308714,171.41888356310693,174.1225483861358,176096000
2025-12-19,180.56748962402344,181.02640724251643,175.9283357789888,176.25756723043006,324925900
2025-12-22,183.26116943359375,183.73007341419415,181.9243013805983,183.49062822521734,129064400
2025-12-23,188.76829528808594,188.88801027625055,182.47301321780614,182.54285710968043,174873600
2025-12-24,188.169677734375,188.4689804086018,186.154389299292,187.50124372172942,65528500
2025-12-26,190.085205078125,192.240166195598,187.5611125998212,189.47662851874142,139740300
2025-12-29,187.7805938720703,188.31932652162573,185.47598909796272,187.2717899684254,120006100
2025-12-30,187.1021728515625,188.5487999407664,186.49359631469858,187.8005508490403,97687300
2025-12-31,186.06460571289062,190.11512498868174,186.05463453876877,189.12744593978846,120100500
2026-01-02,188.4091339111328,192.47959571470966,187.8204997023152,189.39681300359115,148240500
2026-01-05,187.6808319091797,193.1779786425506,185.7154296257417,191.31233377676458,183529700
2026-01-06,186.80288696289062,191.72137039337454,186.3838692947835,190.07522846701318,176862600
2026-01-07,188.66851806640625,190.9232365533545,186.12446806753155,188.12978540958392,153543200
2026-01-08,184.60800170898438,189.10748247384038,183.2811201033086,188.66850725549676,172457000
2026-01-09,184.42843627929688,185.9049768874807,183.2412119543349,184.64792389684447,131327500
2026-01-12,184.5082550048828,186.6831584288149,182.59273912358015,182.79226917353867,137968500
2026-01-13,185.376220703125,187.6708543554723,182.97184323887342,184.5681140987238,160128900
2026-01-14,182.7124481201172,184.02937380837906,180.37791464347094,183.88970125566945,159586100
2026-01-15,186.61331176757812,189.25711892672572,185.89499147845774,186.06459276572707,206188600
2026-01-16,185.79522705078125,189.99540517049002,185.6455833269296,188.63857958929228,187967200
2026-01-20,177.654296875,181.95423259865512,177.1953640623503,181.4753422141945,223345300
2026-01-21,182.8920440673828,184.94723253133864,177.9835164834521,178.6320081827799,200381000
2026-01-22,184.40847778320312,185.7353746560278,183.5005985718231,184.31869154642928,139636600
2026-01-23,187.23187255859375,189.15737478680413,186.38386606278428,187.06227125943187,142748100
2026-01-26,186.03468322753906,188.6784906596197,185.55580805974404,186.7230748442759,124799600
2026-01-27,188.07989501953125,189.55643562401056,185.2664711415707,186.80288446054914,143711600
2026-01-28,191.0728759765625,191.9009400606663,189.39679023846315,190.82345963399504,148552700
2026-01-29,192.06057739257812,193.0283141326731,185.62563804704834,190.89331059974717,171764400
2026-01-30,190.68380737304688,194.0359639826301,189.0276790286862,190.76362243793778,179489500
2026-02-02,185.1766815185547,189.8557348322644,184.44839001538193,186.7629659025267,165794100
2026-02-03,179.91897583007812,185.8351396091497,175.81857039871747,185.8052108647954,204019600
2026-02-04,173.78335571289062,179.16077214377114,171.50867959294058,179.04105715530034,207014100
2026-02-05,171.47874450683594,176.40721432559468,170.63072277473634,174.52161198787914,206312900
2026-02-06,184.97715759277344,186.56344202919422,174.19239634754115,176.27751351666032,231346200
2026-02-09,189.59634399414062,193.20790343822367,183.52056478242866,183.82983865020864,196387400
2026-02-10,188.09983825683594,192.0306425866914,187.6808205923615,190.93321971968697,136764800
2026-02-11,189.60633850097656,192.80883635229745,188.32932783046314,192.0007297023972,144192700
2026-02-12,186.5035858154297,193.1580126884611,186.07458174632154,192.5793648877844,189932500
2026-02-13,182.38320922851562,187.0622623874058,181.16605622339495,187.04230481693136,161888000
2026-02-17,184.53817749023438,186.71308084037668,178.76168607280786,181.3256935584433,162276900
2026-02-18,187.5411376953125,189.92555739322245,186.3239846890322,188.3093443160685,164749100
2026-02-19,187.46133422851562,187.9900957055448,185.22657333636724,186.62329889395997,126554500
2026-02-20,189.3768768310547,189.88568076730476,185.50592973146237,186.13446388219373,178422300
2026-02-23,191.10281372070312,193.49720463285962,189.13741163084848,190.9531547742145,171584800
2026-02-24,192.39979553222656,193.31764595479845,186.96250644177093,191.04296985904048,175123600
2026-02-25,195.10345458984375,197.16862939564908,193.33758246616242,193.9960453222018,250637100
2026-02-26,184.45835876464844,193.8364076167612,183.88969739169633,193.81646526905493,360807900
2026-02-27,176.77635192871094,182.16373952566906,175.96824531148394,180.82687141264745,311636500
2026-03-02,182.0540008544922,183.0317240302905,174.23230678711255,174.60143816018197,209095300
2026-03-03,179.62965393066406,180.47766036606842,176.50695643346228,178.0732983803544,178099400
2026-03-04,182.61268615722656,184.26881453838726,179.63964723402094,180.01876499488523,177731200
2026-03-05,182.91197204589844,183.63029235671348,177.46472744924466,180.74703993972415,198779700
2026-03-06,177.40489196777344,182.33334690173646,176.40722643712078,179.4201653790109,189021900
2026-03-09,182.2235870361328,182.48298979408452,175.1501427003192,176.4171820751478,177213600
2026-03-10,184.33863830566406,186.00473767957752,181.58507208744064,181.97416098047233,179118500
2026-03-11,185.60574340820312,187.1921136401388,184.02934488988058,185.4860219488843,145280400
2026-03-12,182.72235107421875,184.51824924312825,181.33552155955923,183.63027948516628,155762700
2026-03-13,179.83892822265625,185.6656060713691,179.5296376335348,184.49827615888313,160988400
2026-03-16,182.8021697998047,188.44926587891726,180.9962999229416,182.55273992235968,217307400
2026-03-17,181.5150909423828,184.97717862722422,181.26566108165355,184.63795767039014,182497800
2026-03-18,179.98858642578125,182.96180140975886,179.91875397930713,182.06384475172882,156683100
2026-03-19,178.1527862548828,179.56954607641802,175.38909905828712,177.60403750119184,170968500
2026-03-20,172.30613708496094,177.85345450506617,171.32837633709812,177.59405294207926,241323500
2026-03-23,175.23944091796875,177.96321071223454,174.36144294367455,176.85574153065542,182836300
2026-03-24,174.80044555664062,175.81812366395545,173.58322660302642,174.4312942297872,147667800
2026-03-25,178.2725067138672,180.8067226806179,176.44669348987364,176.69612335614488,162602100
2026-03-26,170.8494873046875,176.10745794358192,170.74970926821888,175.66847416549638,186152200
2026-03-27,167.13795471191406,170.58008352629554,166.62910808502988,169.61229451028825,196212700
2026-03-30,164.79331970214844,169.0635577295173,163.89537828689438,168.3950875250076,185627000
2026-03-31,174.0022735595703,174.22177306603788,166.57925331681818,166.58922503111532,226181300
2026-04-01,175.3491973876953,176.96549806235143,174.3514779146501,175.59862725595661,168132000
2026-04-02,176.98544311523438,177.0852211444685,170.9791680862979,171.7873183615289,143143200
2026-04-06,177.23487854003906,177.3845303646084,175.35916114415525,176.75597747742694,107564300
2026-04-07,177.69383239746094,177.8235255680002,173.26395579650787,175.32922705160684,132534900
2026-04-08,181.66476440429688,184.83750503722598,179.8888249511496,184.079243714486,147732700
2026-04-09,183.49058532714844,183.6601958045732,180.20807985372045,181.42529878487736,116428500
2026-04-10,188.1998291015625,189.56669990817062,183.87970195572368,183.88967366981893,160459500
2026-04-13,188.87826538085938,189.2274732756209,185.3164148846483,185.605746824658,133648200
2026-04-14,196.0618438720703,196.0618438720703,190.33494396561244,190.40477641072036,161307000
2026-04-15,198.41647338867188,199.94298301571828,195.2936216855987,196.09178511161633,185338400
2026-04-16,197.8976593017578,199.39423847906178,195.36344336942167,196.97974400923295,134012900
2026-04-17,201.2200469970703,201.2400056483541,198.8155547450397,199.44410763257105,160324400
2026-04-20,201.59918212890625,201.70893187328167,197.38880498867078,199.52392392325544,119381400
2026-04-21,199.42417907714844,202.28762917830338,198.54618104306965,201.66904795828867,107945300
2026-04-22,202.03819274902344,202.03819274902344,198.54617460274403,200.53164182940822,107501000
2026-04-23,199.18470764160156,203.3651545152774,196.77022843278436,201.99828375930824,113561800
2026-04-24,207.79502868652344,210.46890943516505,199.35431566144254,199.50398270942756,214134400
2026-04-27,216.1160125732422,216.33551207209098,206.90706623150768,209.17187844164343,187172400
2026-04-28,212.68385314941406,214.2402930542568,207.72518626919629,209.01225288404052,180275400
2026-04-29,208.77279663085938,212.23488436877426,207.10660696252424,212.2149257168926,123711800
2026-04-30,199.11488342285156,209.82040915320695,198.24685712515335,209.45124259423534,225239200
2026-05-01,197.99742126464844,202.5370477944956,196.67045257290908,200.8209691272831,128647000
2026-05-04,198.02734375,201.2699318245734,194.29588290907526,199.04502180842945,125368100
2026-05-05,196.05186462402344,199.7833407086998,195.58293528206713,198.84548202478717,113406600
2026-05-06,207.3560333251953,207.7950323152332,198.15705885791613,199.43413852494058,188362800
2026-05-07,211.01766967773438,213.7115092245668,206.02907228582575,207.86487247229027,168307900
2026-05-08,214.709228515625,217.30330524675068,212.40449895841255,212.5441790763045,136421400
2026-05-11,218.93955993652344,221.79303819063418,213.40221390900197,213.55186573785767,160685800
2026-05-12,220.27650451660156,223.23973257586303,214.42986778297353,218.05159434962442,159176600
2026-05-13,225.3149871826172,227.32039781394542,221.0647077692387,224.41703053540263,150405400
2026-05-14,235.202392578125,236.00055597235212,228.77707677625682,229.32582552778115,180782900
2026-05-15,224.80616760253906,230.9720668751014,223.7286287034134,229.23602944473367,180977600
2026-05-18,221.81300354003906,229.4754818886306,217.8719993892805,229.34577348371204,146280900
2026-05-19,220.1068878173828,223.96805720569674,217.41304835521052,219.11914008419038,140948200
2026-05-20,222.9603729248047,225.61431038954527,219.9971448577806,222.6710257508039,184201600
2026-05-21,219.0093994140625,226.8814055684356,217.43300079554024,221.78305837384474,203381800
2026-05-22,214.83892822265625,220.50596731800164,214.3101381389001,220.39621757095847,169275700
2026-05-26,214.37001037597656,217.68243116855118,211.5165320236786,216.04617181279934,187202600
2026-05-27,212.1151580810547,213.66161102691768,208.30386252985457,213.63168066177133,167601200
2026-05-28,213.76138305664062,215.02849096688144,210.73829446983814,210.79815519844968,143996000
2026-05-29,210.6584930419922,217.36316924965476,210.64852132770383,214.09065053210412,289410600
2026-06-01,223.8483428955078,224.35717434911126,215.20808855445495,215.23801892090273,212850700
2026-06-02,222.3118438720703,231.75026086454594,220.84519513709748,226.66188583823322,193362900
2026-06-03,214.26025390625,222.31185725112735,214.02079575535723,221.2143597561905,160907000
2026-06-04,218.4156036376953,221.35231998810906,210.73419644348996,213.67091279390368,169022200
2026-06-05,204.87075805664062,214.62982678346356,204.10161444712602,214.2902104723603,219655500
2026-06-08,208.40679931640625,210.23475572682116,205.76975069388217,209.94507132882276,138372800
2026-06-09,207.95730590820312,211.16370951624515,199.11719156565087,210.3845825512031,180962500
2026-06-10,200.19598388671875,206.98838641050182,199.696542748819,204.20149632565034,161746600
2026-06-11,204.64100646972656,205.43013200106668,199.31696212361035,201.26479475008583,158643200
2026-06-12,204.96066284179688,206.83856645475237,203.21261880599855,204.6310298517525,112001800
2026-06-15,212.21253967285156,212.47225882321928,208.10713284720606,208.68648640498938,149936700
2026-06-16,207.1781768798828,211.25361840198772,207.05830064217733,210.94395209283806,125694100
2026-06-17,204.42124938964844,208.9761653200819,202.8530121596522,208.29691745433288,128363500
2026-06-18,210.4545135498047,211.1537281092123,206.26919428756833,207.09826842291386,241272000
2026-06-22,208.41677856445312,213.7508214450341,207.48782537372824,211.2036686200953,122041400
2026-06-23,199.81640625,203.54224815949766,199.77645766483005,201.94403040148535,153496200
2026-06-24,198.77757263183594,201.44458647582786,196.36027935647695,199.89631590195674,151810700
2026-06-25,195.52122497558594,200.5755669254449,191.9152592982058,199.85637045714446,149550000
2026-06-26,192.31480407714844,195.33143282930595,191.0062707295152,192.90414096411192,179304100
2026-06-29,194.7520751953125,195.96071419295149,189.58785574691487,193.63333194293918,148835700
2026-06-30,199.86634826660156,200.4057532237791,194.89191886651452,197.0195429632178,166476700
2026-07-01,197.35916137695312,199.62662840490702,193.23377271109229,195.98069896251877,146147600
2026-07-02,194.61224365234375,199.8363939026278,192.1350197738411,196.9196593659626,142068700
2026-07-06,195.33143615722656,197.32920075051607,193.77318221313826,194.20269428466304,108999000
2026-07-07,196.7098846435547,198.18824142626735,190.92636281467173,192.15498377986222,124154600
2026-07-08,203.891845703125,204.93069180759116,194.84197470333905,194.9618356993413,147419100
2026-07-09,202.5533447265625,204.36131918975943,198.73762239526957,204.23147485952867,132037400
2026-07-10,210.72421264648438,210.7641612313501,201.69430829342895,201.7742207048944,148421000
2026-07-13,203.30250549316406,210.33464515051216,202.77309911383117,208.3069001369788,121411000
2026-07-14,211.5632781982422,212.31243993744155,203.57221964678251,207.96729575339148,124379600
2026-07-15,212.26248168945312,213.57101502024952,205.80969553973085,211.7230919717581,124797200
2026-07-16,207.16818237304688,210.84407715298516,205.61992700554663,209.93509060438328,122986100
2026-07-17,202.58331298828125,206.41901728963356,197.74872640584337,202.41350482950477,144281900
2026-07-20,203.05279541015625,207.50781723343968,202.05391309694542,205.63989694335598,88701500
2026-07-21,207.0583038330078,208.4167843613107,203.78197113093626,207.30802440628602,108685600
2026-07-22,211.82298278808594,214.15038042761168,204.72092886821054,205.57996827489498,137645600
2026-07-23,208.5266571044922,210.63429930291466,205.72979894313582,209.22588688656515,110505300
2026-07-24,206.6088104248047,211.6731509810223,204.5810805834776,207.21812923496972,114836800
2026-07-27,196.2903594970703,208.51668459839084,195.22156333884286,207.96729627325774,154353700
2026-07-28,196.789794921875,198.47790843456414,192.52457850774027,194.78204700134697,134111500
2026-07-29,189.79762268066406,196.84974460884015,189.79762268066406,195.63110696844683,147680800
2026-07-30,194.82199096679688,197.02952748682713,191.3059363552755,193.23377181769484,129010200
2026-07-31,200.52561950683594,201.77422236802423,194.73209918257555,198.2182038580375,139961200
2026-08-03,206.40904235839844,208.50670133078404,196.62999113475112,197.46904862701152,128406900
2026-08-04,211.70310974121094,212.82185300096492,208.8163406042335,211.06382570110384,134922000
2026-08-05,218.9749755859375,221.9716224388697,216.15812022814887,216.6176127852948,158187400
2026-08-06,218.7452392578125,223.38005249670454,216.75745800384053,221.28239358061882,113940600
2026-08-07,223.70968627929688,224.50877992471257,220.41337164588714,221.29237770419127,105669400
2026-08-10,217.3068389892578,223.88946943306019,216.5277120448001,223.15029107269072,115846600
2026-08-11,217.25689697265625,221.9516406634887,215.95834695389817,221.92167541427946,101273100
2026-08-12,223.8395233154297,224.84840415873398,219.95387191061064,220.7929293559802,108783600
2026-08-13,225.04818725585938,226.97602279610956,223.45996804263754,224.80845001468583,98867200
2026-08-14,224.90834045410156,227.23573802273873,224.24907448357243,226.51654155338588,75680900
2026-08-17,224.7584991455078,227.66525027466162,224.60867289832842,225.72741618855906,93678700
2026-08-18,219.49440002441406,221.39227027986857,218.44557057093272,220.20359791537197,103128200
2026-08-19,217.31683349609375,222.62089613745684,216.51772459764655,221.4222404106533,96797300
2026-08-20,216.60763549804688,219.6142657707553,215.41896310784705,218.1159423024499,92457000
2026-08-21,214.48001098632812,218.49552214328025,214.26025565862156,218.17587248780362,98869300
2026-08-24,208.24697875976562,215.34903256074918,207.01835779182306,215.28910206110334,135187300
2026-08-25,212.81187438964844,214.48998931653267,209.87515802586688,210.79412790131315,122309000
2026-08-26,209.4256591796875,213.3612577394914,208.99613188036045,212.40232405945306,179900000
2026-08-27,227.7251739501953,230.21239627098788,220.6530857022795,222.61090164325523,298909800
2026-08-28,217.3068389892578,229.00374173344596,216.56766062888835,227.10587153371227,195116400
2026-08-31,220.53323364257812,221.05265670783686,215.96834944345454,218.62536478578363,124702700
2026-09-01,217.1969757080078,220.1636574397174,214.8595947199138,216.50774446342592,109756200
2026-09-02,224.1591796875,227.6952163087265,218.23579974693772,218.5454508199983,157104700
2026-09-03,228.1946563720703,230.14247379152744,224.49879494304554,225.76737972053164,134681600
2026-09-04,230.10252380371094,234.49759976142684,229.37334400327853,230.83170360414334,135352400
2026-09-08,225.47769165039062,233.44878317831424,224.59868561283858,232.84944771666764,122965600
2026-09-09,223.4199981689453,225.92718720955042,223.21024142511232,225.0281992525124,82955500
2026-09-10,218.36000061035156,220.99000549316406,217.1999969482422,220.52999877929688,105768000
2026-09-11,218.2899932861328,222.0,218.14999389648438,221.24000549316406,89060100
2026-09-14,210.9600067138672,212.77000427246094,208.92999267578125,211.24000549316406,132267200
2026-09-15,212.1699981689453,213.94000244140625,211.16000366210938,213.3800048828125,88059700
2026-09-16,213.89999389648438,216.75999450683594,212.5,214.13999938964844,96563600
2026-09-17,219.33999633789062,219.91000366210938,217.14999389648438,218.3800048828125,94191300
2026-09-18,222.27000427246094,222.72999572753906,218.02999877929688,219.35000610351562,189683500
